Country/Region,unit,1990,1991,1992,1993,1994,1995,1996,1997,1998,1999,2000,2001,2002,2003,2004,2005,2006,2007,2008,2009,2010,2011,2012,2013,2014,2015,2016,2017,2018,2019,,,,,,,,,,,,,,,,,,,,,,,,,,,,,,,,,,,,,,,,,,,,,,,,,,,,,,,,,,,,,,,,,,,,,,,,,,,,,,,,,,,,,,,,,,,,,,,,,,,,,,,,,,,,,,,,,,,,,,,,,,,,,,,,,,,,,,,,,,,,,,,,,,,,,,,,,,,,,,,,,,
Afghanistan,tCO2e per capita,0.77,0.74,0.62,0.58,0.54,0.53,0.56,0.6,0.63,0.66,0.55,0.57,0.66,0.66,0.62,0.64,0.64,0.64,0.75,0.8,0.93,0.97,0.92,0.83,0.79,0.78,0.76,0.74,0.75,0.76,,,,,,,,,,,,,,,,,,,,,,,,,,,,,,,,,,,,,,,,,,,,,,,,,,,,,,,,,,,,,,,,,,,,,,,,,,,,,,,,,,,,,,,,,,,,,,,,,,,,,,,,,,,,,,,,,,,,,,,,,,,,,,,,,,,,,,,,,,,,,,,,,,,,,,,,,,,,,,,,,,
Albania,tCO2e per capita,3.44,2.74,2.14,2.14,2.41,2.38,2.3,2.09,2.18,2.58,2.72,2.29,2.5,2.62,2.66,2.6,2.58,2.61,2.54,2.57,2.67,2.92,2.77,2.79,2.95,2.91,3.08,3.28,3.22,3.07,,,,,,,,,,,,,,,,,,,,,,,,,,,,,,,,,,,,,,,,,,,,,,,,,,,,,,,,,,,,,,,,,,,,,,,,,,,,,,,,,,,,,,,,,,,,,,,,,,,,,,,,,,,,,,,,,,,,,,,,,,,,,,,,,,,,,,,,,,,,,,,,,,,,,,,,,,,,,,,,,,
Algeria,tCO2e per capita,4.71,4.76,4.68,4.89,4.85,5,5.02,4.94,4.94,5.05,5.27,4.99,5.11,5.43,5.45,5.6,5.75,5.75,5.82,5.78,5.77,5.87,6.29,6.28,6.5,6.61,6.55,6.51,6.59,6.56,,,,,,,,,,,,,,,,,,,,,,,,,,,,,,,,,,,,,,,,,,,,,,,,,,,,,,,,,,,,,,,,,,,,,,,,,,,,,,,,,,,,,,,,,,,,,,,,,,,,,,,,,,,,,,,,,,,,,,,,,,,,,,,,,,,,,,,,,,,,,,,,,,,,,,,,,,,,,,,,,,
Andorra,tCO2e per capita,7.9,7.63,7.37,7.21,6.98,7.17,7.67,7.94,8.46,8.87,8.99,8.8,8.63,8.38,8.44,8.4,7.88,7.68,7.63,7.37,7.42,7.19,7.27,7.29,7.26,7.43,7.58,7.6,8.02,8.13,,,,,,,,,,,,,,,,,,,,,,,,,,,,,,,,,,,,,,,,,,,,,,,,,,,,,,,,,,,,,,,,,,,,,,,,,,,,,,,,,,,,,,,,,,,,,,,,,,,,,,,,,,,,,,,,,,,,,,,,,,,,,,,,,,,,,,,,,,,,,,,,,,,,,,,,,,,,,,,,,,
Angola,tCO2e per capita,5.58,5.44,5.32,5.37,5.42,5.47,5.66,5.41,5.85,5.52,4.96,5.99,6,6.16,6.11,5.91,5.6,5.61,5.53,5.44,5.44,5.23,5.01,4.92,4.82,4.87,4.63,4.4,3.9,4.03,,,,,,,,,,,,,,,,,,,,,,,,,,,,,,,,,,,,,,,,,,,,,,,,,,,,,,,,,,,,,,,,,,,,,,,,,,,,,,,,,,,,,,,,,,,,,,,,,,,,,,,,,,,,,,,,,,,,,,,,,,,,,,,,,,,,,,,,,,,,,,,,,,,,,,,,,,,,,,,,,,
Antigua and Barbuda,tCO2e per capita,5.65,5.78,6.91,6.41,6.35,6.6,6.82,7.15,7.65,7.8,7.91,8.35,8.97,9.33,9.33,9.57,10.28,10.8,11.26,22.1,11.7,12.19,13.92,11.44,11.47,11.61,11.9,12.06,12.32,12.53,,,,,,,,,,,,,,,,,,,,,,,,,,,,,,,,,,,,,,,,,,,,,,,,,,,,,,,,,,,,,,,,,,,,,,,,,,,,,,,,,,,,,,,,,,,,,,,,,,,,,,,,,,,,,,,,,,,,,,,,,,,,,,,,,,,,,,,,,,,,,,,,,,,,,,,,,,,,,,,,,,
Argentina,tCO2e per capita,8.97,8.98,8.99,8.89,8.88,8.85,9.06,9.11,9.15,9.26,9.15,10.17,9.97,10.45,10.76,10.75,11.01,11.22,11.22,10.61,10.66,10.08,10.09,10.21,10.05,10.1,9.25,9.25,9.1,8.88,,,,,,,,,,,,,,,,,,,,,,,,,,,,,,,,,,,,,,,,,,,,,,,,,,,,,,,,,,,,,,,,,,,,,,,,,,,,,,,,,,,,,,,,,,,,,,,,,,,,,,,,,,,,,,,,,,,,,,,,,,,,,,,,,,,,,,,,,,,,,,,,,,,,,,,,,,,,,,,,,,
Armenia,tCO2e per capita,6.94,7.17,4.34,2.59,1.88,,1.8,2.02,2.01,1.86,1.99,2.04,1.94,2.1,2.24,2.5,2.65,2.89,3.1,2.72,2.67,2.82,3.16,3.13,3.11,3.1,3.22,3.15,3.21,3.38,,,,,,,,,,,,,,,,,,,,,,,,,,,,,,,,,,,,,,,,,,,,,,,,,,,,,,,,,,,,,,,,,,,,,,,,,,,,,,,,,,,,,,,,,,,,,,,,,,,,,,,,,,,,,,,,,,,,,,,,,,,,,,,,,,,,,,,,,,,,,,,,,,,,,,,,,,,,,,,,,,
Australia,tCO2e per capita,31.72,31.32,30.98,30.8,30.81,30.88,30.44,30.61,31.74,33.43,33.98,33.81,33.23,28.96,31.18,28.95,30.84,30.63,28.65,28.87,27.07,28.65,28.14,23.96,24.28,23.89,23.91,25.47,24.87,23.99,,,,,,,,,,,,,,,,,,,,,,,,,,,,,,,,,,,,,,,,,,,,,,,,,,,,,,,,,,,,,,,,,,,,,,,,,,,,,,,,,,,,,,,,,,,,,,,,,,,,,,,,,,,,,,,,,,,,,,,,,,,,,,,,,,,,,,,,,,,,,,,,,,,,,,,,,,,,,,,,,,
Austria,tCO2e per capita,8.22,8.69,7.86,7.78,7.76,8.06,8.53,8.39,8.38,8.13,8.14,9.55,9.67,10.25,10.29,10.23,9.91,9.51,9.43,8.58,9.25,8.87,8.45,8.47,7.97,8.01,7.97,8.13,7.73,7.86,,,,,,,,,,,,,,,,,,,,,,,,,,,,,,,,,,,,,,,,,,,,,,,,,,,,,,,,,,,,,,,,,,,,,,,,,,,,,,,,,,,,,,,,,,,,,,,,,,,,,,,,,,,,,,,,,,,,,,,,,,,,,,,,,,,,,,,,,,,,,,,,,,,,,,,,,,,,,,,,,,
Azerbaijan,tCO2e per capita,10.33,9.85,10.94,8.02,5.37,5.19,4.42,4.32,4.33,4.31,4.5,4.36,4.34,4.63,4.61,4.89,5.06,4.83,5.23,4.62,4.44,4.58,4.86,4.93,5.01,4.94,5.02,4.9,5.01,5.28,,,,,,,,,,,,,,,,,,,,,,,,,,,,,,,,,,,,,,,,,,,,,,,,,,,,,,,,,,,,,,,,,,,,,,,,,,,,,,,,,,,,,,,,,,,,,,,,,,,,,,,,,,,,,,,,,,,,,,,,,,,,,,,,,,,,,,,,,,,,,,,,,,,,,,,,,,,,,,,,,,
Bahamas,tCO2e per capita,8.52,8.64,10.48,8.55,8.31,8.69,8.29,7.49,9.18,8.95,8.59,8.08,8.56,8.31,7.96,7.34,7.15,7.05,7.34,18.5,6.68,8.12,10.58,8.64,7.64,6.77,6.33,6.74,8.11,8.16,,,,,,,,,,,,,,,,,,,,,,,,,,,,,,,,,,,,,,,,,,,,,,,,,,,,,,,,,,,,,,,,,,,,,,,,,,,,,,,,,,,,,,,,,,,,,,,,,,,,,,,,,,,,,,,,,,,,,,,,,,,,,,,,,,,,,,,,,,,,,,,,,,,,,,,,,,,,,,,,,,
Bahrain,tCO2e per capita,31.71,30.12,33.56,34.6,34.62,35.02,36.28,36.98,38.72,38.27,38.28,37.68,37.38,36.67,34.7,36.09,36.08,34.54,34.36,32.78,32.89,32.47,33.18,34.92,35.95,35.62,34.61,33.63,32.59,33.15,,,,,,,,,,,,,,,,,,,,,,,,,,,,,,,,,,,,,,,,,,,,,,,,,,,,,,,,,,,,,,,,,,,,,,,,,,,,,,,,,,,,,,,,,,,,,,,,,,,,,,,,,,,,,,,,,,,,,,,,,,,,,,,,,,,,,,,,,,,,,,,,,,,,,,,,,,,,,,,,,,
Bangladesh,tCO2e per capita,1.13,1.11,1.1,1.09,1.09,1.12,1.1,1.09,1.07,1.08,1.08,1.1,1.11,1.1,1.1,1.12,1.15,1.15,1.2,1.22,1.26,1.28,1.29,1.3,1.32,1.37,1.37,1.41,1.42,1.46,,,,,,,,,,,,,,,,,,,,,,,,,,,,,,,,,,,,,,,,,,,,,,,,,,,,,,,,,,,,,,,,,,,,,,,,,,,,,,,,,,,,,,,,,,,,,,,,,,,,,,,,,,,,,,,,,,,,,,,,,,,,,,,,,,,,,,,,,,,,,,,,,,,,,,,,,,,,,,,,,,
Barbados,tCO2e per capita,11.92,11.99,12.86,12.24,12.46,12.63,12.62,12.98,13.33,13.46,13.22,13.41,13.55,13.55,13.48,13.59,13.74,13.76,14.83,24.89,13.98,14.75,16.04,13.67,13.09,13.11,13.22,12.88,13.11,13.21,,,,,,,,,,,,,,,,,,,,,,,,,,,,,,,,,,,,,,,,,,,,,,,,,,,,,,,,,,,,,,,,,,,,,,,,,,,,,,,,,,,,,,,,,,,,,,,,,,,,,,,,,,,,,,,,,,,,,,,,,,,,,,,,,,,,,,,,,,,,,,,,,,,,,,,,,,,,,,,,,,
Belarus,tCO2e per capita,10.28,9.78,8.43,7.16,5.88,5.11,5.21,5.27,5.1,4.89,4.65,5.34,5.32,5.47,5.9,6.03,6.4,6.3,6.75,6.46,6.96,7.58,7.75,7.81,7.72,7.22,6.61,6.76,7.07,6.94,,,,,,,,,,,,,,,,,,,,,,,,,,,,,,,,,,,,,,,,,,,,,,,,,,,,,,,,,,,,,,,,,,,,,,,,,,,,,,,,,,,,,,,,,,,,,,,,,,,,,,,,,,,,,,,,,,,,,,,,,,,,,,,,,,,,,,,,,,,,,,,,,,,,,,,,,,,,,,,,,,
Belgium,tCO2e per capita,12.73,13.17,12.92,12.66,13.15,13.13,13.64,13.29,13.53,13.12,13.1,13.19,12.42,12.7,12.5,12.08,11.71,11.19,11.31,10.57,11.17,10.04,9.86,9.9,9.29,9.67,9.75,9.54,9.56,9.42,,,,,,,,,,,,,,,,,,,,,,,,,,,,,,,,,,,,,,,,,,,,,,,,,,,,,,,,,,,,,,,,,,,,,,,,,,,,,,,,,,,,,,,,,,,,,,,,,,,,,,,,,,,,,,,,,,,,,,,,,,,,,,,,,,,,,,,,,,,,,,,,,,,,,,,,,,,,,,,,,,
Belize,tCO2e per capita,70.26,70.06,70.04,69.2,68.34,61.33,53.95,47.57,41.52,35.16,29.88,16.19,16.15,16.59,14.67,14.78,14.52,14.77,14.27,17.19,14.17,21.87,20.37,19.86,19.13,19.38,18.33,18.11,17.6,17.55,,,,,,,,,,,,,,,,,,,,,,,,,,,,,,,,,,,,,,,,,,,,,,,,,,,,,,,,,,,,,,,,,,,,,,,,,,,,,,,,,,,,,,,,,,,,,,,,,,,,,,,,,,,,,,,,,,,,,,,,,,,,,,,,,,,,,,,,,,,,,,,,,,,,,,,,,,,,,,,,,,
Benin,tCO2e per capita,3.96,3.85,3.74,3.62,3.54,3.39,3.52,3.47,3.53,3.4,3.32,2.44,2.51,2.43,2.37,2.45,2.4,2.42,2.32,2.32,2.3,2.25,2.18,2.19,2.18,2.16,2.26,2.21,2.25,2.18,,,,,,,,,,,,,,,,,,,,,,,,,,,,,,,,,,,,,,,,,,,,,,,,,,,,,,,,,,,,,,,,,,,,,,,,,,,,,,,,,,,,,,,,,,,,,,,,,,,,,,,,,,,,,,,,,,,,,,,,,,,,,,,,,,,,,,,,,,,,,,,,,,,,,,,,,,,,,,,,,,
Bhutan,tCO2e per capita,-10.97,-10.8,-10.89,-10.91,-10.91,-10.7,-10.54,-10.36,-10.1,-9.77,-9.65,-9.52,-9.32,-9.12,-8.89,-8.58,-8.49,-8.28,-8.45,-8.27,-8.01,-0.05,0.09,0.04,0.08,0.15,0.35,0.4,0.49,0.47,,,,,,,,,,,,,,,,,,,,,,,,,,,,,,,,,,,,,,,,,,,,,,,,,,,,,,,,,,,,,,,,,,,,,,,,,,,,,,,,,,,,,,,,,,,,,,,,,,,,,,,,,,,,,,,,,,,,,,,,,,,,,,,,,,,,,,,,,,,,,,,,,,,,,,,,,,,,,,,,,,
Bolivia,tCO2e per capita,16.46,16.27,16.05,15.53,15.11,14.62,14.43,14.45,14.16,14.58,13.19,10.55,11.03,10.55,11.76,11.12,11.15,11.5,10.82,10.49,12.49,11.21,11.11,11,10.9,11.01,11.82,11.54,11.41,12.05,,,,,,,,,,,,,,,,,,,,,,,,,,,,,,,,,,,,,,,,,,,,,,,,,,,,,,,,,,,,,,,,,,,,,,,,,,,,,,,,,,,,,,,,,,,,,,,,,,,,,,,,,,,,,,,,,,,,,,,,,,,,,,,,,,,,,,,,,,,,,,,,,,,,,,,,,,,,,,,,,,
Bosnia and Herzegovina,tCO2e per capita,7.51,7.05,5.55,4.92,2.45,2.49,2.81,4.14,4.9,4.88,5.88,4.98,5.02,5.15,5.43,5.62,6.12,6.43,6.96,7.06,7.13,6.96,6.57,6.63,6.02,6.17,7.6,7.76,7.83,7.42,,,,,,,,,,,,,,,,,,,,,,,,,,,,,,,,,,,,,,,,,,,,,,,,,,,,,,,,,,,,,,,,,,,,,,,,,,,,,,,,,,,,,,,,,,,,,,,,,,,,,,,,,,,,,,,,,,,,,,,,,,,,,,,,,,,,,,,,,,,,,,,,,,,,,,,,,,,,,,,,,,
Botswana,tCO2e per capita,42.22,40.51,39.58,38.33,37.56,37.27,37.29,36.13,35.15,34.39,33.5,33.97,33.58,28.9,28.74,28.98,29.39,27.84,31.81,26.54,31.35,33.31,26.69,26.85,25.9,25.24,24.27,25.49,23.96,22.72,,,,,,,,,,,,,,,,,,,,,,,,,,,,,,,,,,,,,,,,,,,,,,,,,,,,,,,,,,,,,,,,,,,,,,,,,,,,,,,,,,,,,,,,,,,,,,,,,,,,,,,,,,,,,,,,,,,,,,,,,,,,,,,,,,,,,,,,,,,,,,,,,,,,,,,,,,,,,,,,,,
Brazil,tCO2e per capita,11,10.95,10.82,10.72,10.65,10.64,10.51,10.53,10.58,10.49,10.35,10.71,10.77,10.71,10.83,10.78,10.62,10.69,10.6,10.36,10.78,6.46,6.62,6.69,6.83,6.68,7.06,7.1,6.85,6.88,,,,,,,,,,,,,,,,,,,,,,,,,,,,,,,,,,,,,,,,,,,,,,,,,,,,,,,,,,,,,,,,,,,,,,,,,,,,,,,,,,,,,,,,,,,,,,,,,,,,,,,,,,,,,,,,,,,,,,,,,,,,,,,,,,,,,,,,,,,,,,,,,,,,,,,,,,,,,,,,,,
Brunei,tCO2e per capita,24.34,24.45,24.81,25.62,25.96,26.58,25.84,27.21,37.07,23.1,23.89,23.27,22.68,25.53,23.55,22.78,29.79,28.12,30.05,29.16,27,24.96,24.55,23.68,23.32,21.15,22.45,23.15,23.64,22.24,,,,,,,,,,,,,,,,,,,,,,,,,,,,,,,,,,,,,,,,,,,,,,,,,,,,,,,,,,,,,,,,,,,,,,,,,,,,,,,,,,,,,,,,,,,,,,,,,,,,,,,,,,,,,,,,,,,,,,,,,,,,,,,,,,,,,,,,,,,,,,,,,,,,,,,,,,,,,,,,,,
Bulgaria,tCO2e per capita,8.77,6.89,6.28,6.16,5.72,5.89,5.99,5.65,5.25,4.45,4.41,4.57,4.33,4.99,4.86,4.9,4.93,5.52,5.24,4.27,4.52,6.91,6.16,5.48,5.87,6.29,2.86,3.2,2.76,2.51,,,,,,,,,,,,,,,,,,,,,,,,,,,,,,,,,,,,,,,,,,,,,,,,,,,,,,,,,,,,,,,,,,,,,,,,,,,,,,,,,,,,,,,,,,,,,,,,,,,,,,,,,,,,,,,,,,,,,,,,,,,,,,,,,,,,,,,,,,,,,,,,,,,,,,,,,,,,,,,,,,
Burkina Faso,tCO2e per capita,2.9,2.87,2.82,2.77,2.75,2.71,2.63,2.61,2.62,2.53,2.58,2.67,2.65,2.84,2.8,2.77,2.68,2.65,2.63,2.6,2.62,1.92,1.91,1.9,1.88,1.87,2.87,2.84,2.8,2.77,,,,,,,,,,,,,,,,,,,,,,,,,,,,,,,,,,,,,,,,,,,,,,,,,,,,,,,,,,,,,,,,,,,,,,,,,,,,,,,,,,,,,,,,,,,,,,,,,,,,,,,,,,,,,,,,,,,,,,,,,,,,,,,,,,,,,,,,,,,,,,,,,,,,,,,,,,,,,,,,,,
Burundi,tCO2e per capita,1.32,1.31,1.28,1.25,1.21,1.22,1.21,1.21,1.2,1.21,1.19,0.84,0.82,0.79,0.77,0.76,0.75,0.74,0.73,0.72,0.74,0.19,0.19,0.23,0.22,0.22,0.72,0.75,0.75,0.7,,,,,,,,,,,,,,,,,,,,,,,,,,,,,,,,,,,,,,,,,,,,,,,,,,,,,,,,,,,,,,,,,,,,,,,,,,,,,,,,,,,,,,,,,,,,,,,,,,,,,,,,,,,,,,,,,,,,,,,,,,,,,,,,,,,,,,,,,,,,,,,,,,,,,,,,,,,,,,,,,,
Cambodia,tCO2e per capita,2.77,2.64,2.6,2.6,2.39,2.57,2.15,2.21,2.45,2.36,2.17,2.17,2.31,2.46,2.49,2.33,2.55,2.58,2.53,2.6,2.5,6.86,6.63,6.53,6.46,6.5,4.28,4.36,4.33,4.35,,,,,,,,,,,,,,,,,,,,,,,,,,,,,,,,,,,,,,,,,,,,,,,,,,,,,,,,,,,,,,,,,,,,,,,,,,,,,,,,,,,,,,,,,,,,,,,,,,,,,,,,,,,,,,,,,,,,,,,,,,,,,,,,,,,,,,,,,,,,,,,,,,,,,,,,,,,,,,,,,,
Cameroon,tCO2e per capita,6.25,6.73,6.52,6.16,10.02,9.75,9.58,9.37,9.39,9.08,8.94,7.81,7.61,7.58,7.21,7.16,6.83,6.68,6.52,6.34,6.19,5.64,5.5,5.43,5.32,5.24,5.17,5.03,4.93,4.82,,,,,,,,,,,,,,,,,,,,,,,,,,,,,,,,,,,,,,,,,,,,,,,,,,,,,,,,,,,,,,,,,,,,,,,,,,,,,,,,,,,,,,,,,,,,,,,,,,,,,,,,,,,,,,,,,,,,,,,,,,,,,,,,,,,,,,,,,,,,,,,,,,,,,,,,,,,,,,,,,,
Canada,tCO2e per capita,21.92,21.5,21.75,21.38,21.77,22.06,22.57,22.74,23.09,22.87,23.23,30.25,30.59,31.01,30.62,30.77,30.11,30.84,29.76,28.39,28.57,23.94,23.69,23.79,23.76,23.56,20.51,20.72,20.95,20.59,,,,,,,,,,,,,,,,,,,,,,,,,,,,,,,,,,,,,,,,,,,,,,,,,,,,,,,,,,,,,,,,,,,,,,,,,,,,,,,,,,,,,,,,,,,,,,,,,,,,,,,,,,,,,,,,,,,,,,,,,,,,,,,,,,,,,,,,,,,,,,,,,,,,,,,,,,,,,,,,,,
Cape Verde,tCO2e per capita,-0.84,-0.79,-0.67,-0.63,-0.66,-0.55,-0.59,-0.54,-0.46,-0.38,-0.32,0.79,0.86,0.91,0.98,1.19,1.31,1.2,1.22,1.31,1.37,1.33,1.25,1.19,1.17,1.17,1.24,1.27,1.31,1.36,,,,,,,,,,,,,,,,,,,,,,,,,,,,,,,,,,,,,,,,,,,,,,,,,,,,,,,,,,,,,,,,,,,,,,,,,,,,,,,,,,,,,,,,,,,,,,,,,,,,,,,,,,,,,,,,,,,,,,,,,,,,,,,,,,,,,,,,,,,,,,,,,,,,,,,,,,,,,,,,,,
Central African Republic,tCO2e per capita,16.59,16.29,15.86,15.42,15.78,15.39,11.56,12.25,13.45,12.09,12.15,14.07,12.67,16.04,12.94,14.27,13.74,14.01,13.7,11.01,12.6,13.07,11.96,11.63,10.94,11.31,12.79,11.58,11.42,9.82,,,,,,,,,,,,,,,,,,,,,,,,,,,,,,,,,,,,,,,,,,,,,,,,,,,,,,,,,,,,,,,,,,,,,,,,,,,,,,,,,,,,,,,,,,,,,,,,,,,,,,,,,,,,,,,,,,,,,,,,,,,,,,,,,,,,,,,,,,,,,,,,,,,,,,,,,,,,,,,,,,
Chad,tCO2e per capita,4.18,5.09,5.07,5.06,5.04,5.02,5.3,5.35,5.75,5.77,5.58,5.83,6.08,5.81,5.96,5.93,5.88,5.92,5.79,5.66,5.82,6.57,6.65,6.58,6.56,6.73,6.68,6.57,6.67,6.63,,,,,,,,,,,,,,,,,,,,,,,,,,,,,,,,,,,,,,,,,,,,,,,,,,,,,,,,,,,,,,,,,,,,,,,,,,,,,,,,,,,,,,,,,,,,,,,,,,,,,,,,,,,,,,,,,,,,,,,,,,,,,,,,,,,,,,,,,,,,,,,,,,,,,,,,,,,,,,,,,,
Chile,tCO2e per capita,2.12,2,2.08,2.23,2.48,2.71,3.12,3.56,3.59,3.74,3.43,2.05,2.07,2.09,2.41,2.42,2.47,2.91,3.17,2.99,3.26,0.98,1.11,1.28,0.86,1.19,2.68,2.76,2.66,2.92,,,,,,,,,,,,,,,,,,,,,,,,,,,,,,,,,,,,,,,,,,,,,,,,,,,,,,,,,,,,,,,,,,,,,,,,,,,,,,,,,,,,,,,,,,,,,,,,,,,,,,,,,,,,,,,,,,,,,,,,,,,,,,,,,,,,,,,,,,,,,,,,,,,,,,,,,,,,,,,,,,
China,tCO2e per capita,2.55,2.64,2.72,2.88,2.98,3.29,3.27,3.23,3.3,3.22,3.34,3.48,3.7,4.18,4.76,5.32,5.81,6.24,6.4,6.8,7.39,7.72,7.88,8.19,8.18,8.05,8.04,8.15,8.43,8.56,,,,,,,,,,,,,,,,,,,,,,,,,,,,,,,,,,,,,,,,,,,,,,,,,,,,,,,,,,,,,,,,,,,,,,,,,,,,,,,,,,,,,,,,,,,,,,,,,,,,,,,,,,,,,,,,,,,,,,,,,,,,,,,,,,,,,,,,,,,,,,,,,,,,,,,,,,,,,,,,,,
Colombia,tCO2e per capita,6.53,6.45,6.41,6.43,6.38,6.37,6.27,6.32,6.26,5.87,5.88,5.53,5.4,5.36,5.33,5.3,5.25,5.32,5.27,5.29,5.35,4.85,4.79,4.89,4.92,4.88,5.43,5.24,5.34,5.37,,,,,,,,,,,,,,,,,,,,,,,,,,,,,,,,,,,,,,,,,,,,,,,,,,,,,,,,,,,,,,,,,,,,,,,,,,,,,,,,,,,,,,,,,,,,,,,,,,,,,,,,,,,,,,,,,,,,,,,,,,,,,,,,,,,,,,,,,,,,,,,,,,,,,,,,,,,,,,,,,,
Comoros,tCO2e per capita,0.78,0.77,0.76,0.75,0.74,0.73,0.72,0.71,0.72,0.72,0.67,0.69,0.68,0.7,0.71,0.74,0.74,0.6,0.63,0.65,0.69,0.67,0.68,0.72,0.68,0.69,0.73,0.79,0.81,0.83,,,,,,,,,,,,,,,,,,,,,,,,,,,,,,,,,,,,,,,,,,,,,,,,,,,,,,,,,,,,,,,,,,,,,,,,,,,,,,,,,,,,,,,,,,,,,,,,,,,,,,,,,,,,,,,,,,,,,,,,,,,,,,,,,,,,,,,,,,,,,,,,,,,,,,,,,,,,,,,,,,
Cook Islands,tCO2e per capita,FALSE,FALSE,FALSE,FALSE,FALSE,FALSE,FALSE,FALSE,FALSE,FALSE,FALSE,FALSE,FALSE,FALSE,FALSE,FALSE,FALSE,FALSE,FALSE,FALSE,FALSE,FALSE,FALSE,FALSE,FALSE,FALSE,FALSE,FALSE,FALSE,FALSE,,,,,,,,,,,,,,,,,,,,,,,,,,,,,,,,,,,,,,,,,,,,,,,,,,,,,,,,,,,,,,,,,,,,,,,,,,,,,,,,,,,,,,,,,,,,,,,,,,,,,,,,,,,,,,,,,,,,,,,,,,,,,,,,,,,,,,,,,,,,,,,,,,,,,,,,,,,,,,,,,,
Costa Rica,tCO2e per capita,3.53,3.53,3.78,3.71,3.74,3.53,3.44,3.38,3.49,3.36,3.26,2.56,2.52,2.57,2.53,2.62,2.66,2.95,2.94,2.81,2.8,1.44,1.43,1.51,1.5,1.46,1.63,1.66,1.7,1.68,,,,,,,,,,,,,,,,,,,,,,,,,,,,,,,,,,,,,,,,,,,,,,,,,,,,,,,,,,,,,,,,,,,,,,,,,,,,,,,,,,,,,,,,,,,,,,,,,,,,,,,,,,,,,,,,,,,,,,,,,,,,,,,,,,,,,,,,,,,,,,,,,,,,,,,,,,,,,,,,,,
Croatia,tCO2e per capita,5.8,4.56,4.89,5.05,5.01,5.33,5.22,5.6,5.69,5.61,5.46,5.86,6.1,6.36,6.29,6.27,6.44,6.79,6.6,6.01,5.9,5.7,5.25,5.01,4.84,5.02,4.39,4.6,4.37,4.41,,,,,,,,,,,,,,,,,,,,,,,,,,,,,,,,,,,,,,,,,,,,,,,,,,,,,,,,,,,,,,,,,,,,,,,,,,,,,,,,,,,,,,,,,,,,,,,,,,,,,,,,,,,,,,,,,,,,,,,,,,,,,,,,,,,,,,,,,,,,,,,,,,,,,,,,,,,,,,,,,,
Cuba,tCO2e per capita,4.15,3.26,2.67,2.34,2.46,2.55,2.79,2.98,2.93,2.96,2.99,2.94,2.83,2.75,2.68,2.69,2.78,2.87,2.82,2.89,2.98,2.77,2.86,2.88,2.7,2.87,3.54,3.42,3.46,3.37,,,,,,,,,,,,,,,,,,,,,,,,,,,,,,,,,,,,,,,,,,,,,,,,,,,,,,,,,,,,,,,,,,,,,,,,,,,,,,,,,,,,,,,,,,,,,,,,,,,,,,,,,,,,,,,,,,,,,,,,,,,,,,,,,,,,,,,,,,,,,,,,,,,,,,,,,,,,,,,,,,
Cyprus,tCO2e per capita,7.01,7.53,7.9,8.06,8.19,7.88,8.16,8.09,8.3,8.44,8.57,8.13,8.23,8.76,8.56,8.53,8.51,8.68,8.73,8.45,8.04,7.68,7.16,6.49,6.79,6.8,7.14,7.2,6.99,6.92,,,,,,,,,,,,,,,,,,,,,,,,,,,,,,,,,,,,,,,,,,,,,,,,,,,,,,,,,,,,,,,,,,,,,,,,,,,,,,,,,,,,,,,,,,,,,,,,,,,,,,,,,,,,,,,,,,,,,,,,,,,,,,,,,,,,,,,,,,,,,,,,,,,,,,,,,,,,,,,,,,
Czech Republic,tCO2e per capita,16.7,15.12,14.67,14.21,13.49,13.5,13.67,13.44,12.81,12.04,13.13,13.4,12.87,13.3,13.35,13.03,13.09,13.31,12.71,11.91,12.01,12.04,11.77,11.21,10.88,11.08,11.09,11.02,10.86,10.38,,,,,,,,,,,,,,,,,,,,,,,,,,,,,,,,,,,,,,,,,,,,,,,,,,,,,,,,,,,,,,,,,,,,,,,,,,,,,,,,,,,,,,,,,,,,,,,,,,,,,,,,,,,,,,,,,,,,,,,,,,,,,,,,,,,,,,,,,,,,,,,,,,,,,,,,,,,,,,,,,,
C√¥te d'Ivoire,tCO2e per capita,5.85,5.86,5.86,5.86,5.87,5.74,5.61,5.56,5.44,5.43,5.29,3.1,3.06,2.84,2.69,2.7,2.59,2.5,2.43,2.3,2.23,2.16,2.19,2.2,2.14,2.12,2.13,2.09,2.02,2,,,,,,,,,,,,,,,,,,,,,,,,,,,,,,,,,,,,,,,,,,,,,,,,,,,,,,,,,,,,,,,,,,,,,,,,,,,,,,,,,,,,,,,,,,,,,,,,,,,,,,,,,,,,,,,,,,,,,,,,,,,,,,,,,,,,,,,,,,,,,,,,,,,,,,,,,,,,,,,,,,
Democratic Republic of the Congo,tCO2e per capita,12.45,11.96,11.51,11.1,10.75,10.4,10.03,9.94,9.75,9.35,9.04,8.62,8.62,8.5,8.29,8.04,7.83,7.46,7.29,7.04,6.85,10.13,9.75,9.49,9.19,8.92,8.63,8.38,8.05,7.83,,,,,,,,,,,,,,,,,,,,,,,,,,,,,,,,,,,,,,,,,,,,,,,,,,,,,,,,,,,,,,,,,,,,,,,,,,,,,,,,,,,,,,,,,,,,,,,,,,,,,,,,,,,,,,,,,,,,,,,,,,,,,,,,,,,,,,,,,,,,,,,,,,,,,,,,,,,,,,,,,,
Denmark,tCO2e per capita,13.46,15.52,14.27,14.73,15.38,14.7,17.18,15.27,14.46,13.87,13.11,13.33,13.16,14.14,12.96,12.24,13.62,12.68,11.97,11.38,11.38,10.01,9.07,9.28,8.49,8.08,8.78,8.32,8.19,7.58,,,,,,,,,,,,,,,,,,,,,,,,,,,,,,,,,,,,,,,,,,,,,,,,,,,,,,,,,,,,,,,,,,,,,,,,,,,,,,,,,,,,,,,,,,,,,,,,,,,,,,,,,,,,,,,,,,,,,,,,,,,,,,,,,,,,,,,,,,,,,,,,,,,,,,,,,,,,,,,,,,
Djibouti,tCO2e per capita,1.54,1.54,1.55,1.57,1.58,1.67,1.66,1.69,1.76,1.76,1.7,1.68,1.68,1.68,1.64,1.67,1.64,1.68,1.66,1.64,1.68,1.61,1.62,1.68,1.48,1.53,1.46,1.44,1.41,1.42,,,,,,,,,,,,,,,,,,,,,,,,,,,,,,,,,,,,,,,,,,,,,,,,,,,,,,,,,,,,,,,,,,,,,,,,,,,,,,,,,,,,,,,,,,,,,,,,,,,,,,,,,,,,,,,,,,,,,,,,,,,,,,,,,,,,,,,,,,,,,,,,,,,,,,,,,,,,,,,,,,
Dominica,tCO2e per capita,3.45,3.47,3.73,3.63,3.67,3.71,3.31,3.55,3.51,3.48,3.65,2.99,2.49,2.69,2.91,3.03,3.16,3.33,3.35,7.85,3.32,3.35,4.32,3.26,3.36,3.39,3.29,3.05,3.04,3.07,,,,,,,,,,,,,,,,,,,,,,,,,,,,,,,,,,,,,,,,,,,,,,,,,,,,,,,,,,,,,,,,,,,,,,,,,,,,,,,,,,,,,,,,,,,,,,,,,,,,,,,,,,,,,,,,,,,,,,,,,,,,,,,,,,,,,,,,,,,,,,,,,,,,,,,,,,,,,,,,,,
Dominican Republic,tCO2e per capita,1.19,1.32,1.5,1.54,1.77,1.8,1.88,2.06,2.27,2.3,2.35,3.03,3.26,2.95,2.83,2.94,3.11,3.2,3.17,3.08,3.18,3.26,3.3,3.24,3.24,3.44,3.48,3.37,3.54,3.7,,,,,,,,,,,,,,,,,,,,,,,,,,,,,,,,,,,,,,,,,,,,,,,,,,,,,,,,,,,,,,,,,,,,,,,,,,,,,,,,,,,,,,,,,,,,,,,,,,,,,,,,,,,,,,,,,,,,,,,,,,,,,,,,,,,,,,,,,,,,,,,,,,,,,,,,,,,,,,,,,,
Ecuador,tCO2e per capita,7.19,7.09,7.16,7.14,7.27,7.33,7.52,7.53,7.24,6.86,6.68,6.33,6.19,6.18,6.37,6.4,6.47,6.34,6.35,6.49,6.62,5.78,5.68,5.79,5.81,5.62,6,5.82,5.78,5.68,,,,,,,,,,,,,,,,,,,,,,,,,,,,,,,,,,,,,,,,,,,,,,,,,,,,,,,,,,,,,,,,,,,,,,,,,,,,,,,,,,,,,,,,,,,,,,,,,,,,,,,,,,,,,,,,,,,,,,,,,,,,,,,,,,,,,,,,,,,,,,,,,,,,,,,,,,,,,,,,,,
Egypt,tCO2e per capita,2.38,2.42,2.42,2.46,2.35,2.46,2.53,2.62,2.65,2.75,2.69,2.84,2.86,2.88,3.01,3.23,3.32,3.46,3.52,3.54,3.5,3.53,3.58,3.46,3.45,3.44,3.45,3.51,3.51,3.51,,,,,,,,,,,,,,,,,,,,,,,,,,,,,,,,,,,,,,,,,,,,,,,,,,,,,,,,,,,,,,,,,,,,,,,,,,,,,,,,,,,,,,,,,,,,,,,,,,,,,,,,,,,,,,,,,,,,,,,,,,,,,,,,,,,,,,,,,,,,,,,,,,,,,,,,,,,,,,,,,,
El Salvador,tCO2e per capita,1.51,1.63,1.68,1.75,1.83,1.86,1.83,1.96,1.96,1.98,1.9,2,2.03,2.11,2.16,2.21,2.28,2.37,2.27,2.2,2.15,2.12,2.14,2.01,2.04,2.11,2.1,1.97,2.01,2.16,,,,,,,,,,,,,,,,,,,,,,,,,,,,,,,,,,,,,,,,,,,,,,,,,,,,,,,,,,,,,,,,,,,,,,,,,,,,,,,,,,,,,,,,,,,,,,,,,,,,,,,,,,,,,,,,,,,,,,,,,,,,,,,,,,,,,,,,,,,,,,,,,,,,,,,,,,,,,,,,,,
Equatorial Guinea,tCO2e per capita,9.56,9.58,13.2,13.14,13.03,12.93,13.12,15.46,16.97,19.13,17.64,20.88,21.24,22.21,24.39,26.59,26.67,24.36,24.33,22.17,21.6,20,18.88,17.24,17.93,15.49,14.55,12.88,12.83,11.24,,,,,,,,,,,,,,,,,,,,,,,,,,,,,,,,,,,,,,,,,,,,,,,,,,,,,,,,,,,,,,,,,,,,,,,,,,,,,,,,,,,,,,,,,,,,,,,,,,,,,,,,,,,,,,,,,,,,,,,,,,,,,,,,,,,,,,,,,,,,,,,,,,,,,,,,,,,,,,,,,,
Eritrea,tCO2e per capita,1.83,1.83,2.15,1.98,2.09,2.15,2.4,2.63,2.59,2.64,2.62,2.41,2.29,2.24,2.15,2.07,1.93,1.98,1.92,1.9,1.84,1.89,FALSE,FALSE,FALSE,FALSE,FALSE,FALSE,FALSE,FALSE,,,,,,,,,,,,,,,,,,,,,,,,,,,,,,,,,,,,,,,,,,,,,,,,,,,,,,,,,,,,,,,,,,,,,,,,,,,,,,,,,,,,,,,,,,,,,,,,,,,,,,,,,,,,,,,,,,,,,,,,,,,,,,,,,,,,,,,,,,,,,,,,,,,,,,,,,,,,,,,,,,
Estonia,tCO2e per capita,24.04,21.68,16.91,13.43,13.08,12.18,12.97,12.79,12.56,11.93,11.62,12.03,11.81,13.34,13.54,13.73,12.89,15.98,14.86,12.32,15.38,11.11,10.22,12.1,11.1,9.28,15.67,16.23,15.12,11.17,,,,,,,,,,,,,,,,,,,,,,,,,,,,,,,,,,,,,,,,,,,,,,,,,,,,,,,,,,,,,,,,,,,,,,,,,,,,,,,,,,,,,,,,,,,,,,,,,,,,,,,,,,,,,,,,,,,,,,,,,,,,,,,,,,,,,,,,,,,,,,,,,,,,,,,,,,,,,,,,,,
Eswatini,tCO2e per capita,2.51,2.51,2.52,2.27,2.28,2.28,2.16,2.25,2.32,2.3,2.28,2.05,2.09,2.19,2.2,2.25,2.12,2.29,2.15,2.08,2.1,2.09,2.11,2.17,2.16,2.12,2.18,2.23,2.25,2.34,,,,,,,,,,,,,,,,,,,,,,,,,,,,,,,,,,,,,,,,,,,,,,,,,,,,,,,,,,,,,,,,,,,,,,,,,,,,,,,,,,,,,,,,,,,,,,,,,,,,,,,,,,,,,,,,,,,,,,,,,,,,,,,,,,,,,,,,,,,,,,,,,,,,,,,,,,,,,,,,,,
Ethiopia,tCO2e per capita,1.99,1.93,1.87,1.7,1.66,1.62,1.62,1.64,1.68,1.65,1.54,1.59,1.68,1.61,1.6,1.6,1.62,1.7,1.7,1.7,1.71,1.66,1.68,1.68,1.69,1.68,1.69,1.68,1.66,1.64,,,,,,,,,,,,,,,,,,,,,,,,,,,,,,,,,,,,,,,,,,,,,,,,,,,,,,,,,,,,,,,,,,,,,,,,,,,,,,,,,,,,,,,,,,,,,,,,,,,,,,,,,,,,,,,,,,,,,,,,,,,,,,,,,,,,,,,,,,,,,,,,,,,,,,,,,,,,,,,,,,
Fiji,tCO2e per capita,-1.13,-1.1,-1.04,-0.94,-0.87,-0.77,-0.71,-0.71,-0.75,-0.78,-0.73,-0.41,-0.61,-0.46,0.09,-0.14,-0.04,-0.16,-0.49,-0.48,-0.28,-0.34,-0.42,-0.29,-0.76,-0.62,-0.47,-0.25,-0.27,-0.18,,,,,,,,,,,,,,,,,,,,,,,,,,,,,,,,,,,,,,,,,,,,,,,,,,,,,,,,,,,,,,,,,,,,,,,,,,,,,,,,,,,,,,,,,,,,,,,,,,,,,,,,,,,,,,,,,,,,,,,,,,,,,,,,,,,,,,,,,,,,,,,,,,,,,,,,,,,,,,,,,,
Finland,tCO2e per capita,7.73,7.66,7.01,7.22,8.49,7.68,8.92,8.52,7.8,7.65,7.38,11.44,11.88,13.42,12.65,10.28,12.41,12.01,10.43,9.7,11.18,2.25,1.19,1.33,0.59,-0.05,11.58,11.05,11.32,10.58,,,,,,,,,,,,,,,,,,,,,,,,,,,,,,,,,,,,,,,,,,,,,,,,,,,,,,,,,,,,,,,,,,,,,,,,,,,,,,,,,,,,,,,,,,,,,,,,,,,,,,,,,,,,,,,,,,,,,,,,,,,,,,,,,,,,,,,,,,,,,,,,,,,,,,,,,,,,,,,,,,
France,tCO2e per capita,8.09,8.47,8.18,7.83,7.7,7.82,8.12,7.94,8.17,7.98,7.9,7.25,7.09,7.12,7.04,7.01,6.8,6.65,6.52,6.22,6.25,6.05,6.08,6.06,5.53,5.59,5.57,5.59,5.38,5.24,,,,,,,,,,,,,,,,,,,,,,,,,,,,,,,,,,,,,,,,,,,,,,,,,,,,,,,,,,,,,,,,,,,,,,,,,,,,,,,,,,,,,,,,,,,,,,,,,,,,,,,,,,,,,,,,,,,,,,,,,,,,,,,,,,,,,,,,,,,,,,,,,,,,,,,,,,,,,,,,,,
Gabon,tCO2e per capita,14.62,15.27,14.83,14.75,15.09,15.8,16.27,15.68,16.23,15.03,14.3,13.62,12.84,13.45,12.86,12.3,11.12,10.33,10.48,9.94,10.15,11.73,11.06,10.78,10.58,10.47,10.36,9.38,8.92,9.06,,,,,,,,,,,,,,,,,,,,,,,,,,,,,,,,,,,,,,,,,,,,,,,,,,,,,,,,,,,,,,,,,,,,,,,,,,,,,,,,,,,,,,,,,,,,,,,,,,,,,,,,,,,,,,,,,,,,,,,,,,,,,,,,,,,,,,,,,,,,,,,,,,,,,,,,,,,,,,,,,,
Gambia,tCO2e per capita,5.28,5.24,5.17,5.12,4.54,3.98,3.57,3.19,2.87,2.73,2.37,1.91,1.69,1.57,1.46,1.33,1.35,1.34,1.38,1.55,1.53,1.31,1.32,1.31,1.34,1.38,1.29,1.26,1.17,1.22,,,,,,,,,,,,,,,,,,,,,,,,,,,,,,,,,,,,,,,,,,,,,,,,,,,,,,,,,,,,,,,,,,,,,,,,,,,,,,,,,,,,,,,,,,,,,,,,,,,,,,,,,,,,,,,,,,,,,,,,,,,,,,,,,,,,,,,,,,,,,,,,,,,,,,,,,,,,,,,,,,
Georgia,tCO2e per capita,6.54,4.54,2.95,1.8,0.35,-0.29,-0.64,-0.85,-0.99,-1.07,-0.99,2.06,1.94,2.09,2.12,2.27,2.38,2.59,2.36,2.58,2.53,3.85,4.11,4.37,4.52,4.6,4.72,4.68,4.6,4.74,,,,,,,,,,,,,,,,,,,,,,,,,,,,,,,,,,,,,,,,,,,,,,,,,,,,,,,,,,,,,,,,,,,,,,,,,,,,,,,,,,,,,,,,,,,,,,,,,,,,,,,,,,,,,,,,,,,,,,,,,,,,,,,,,,,,,,,,,,,,,,,,,,,,,,,,,,,,,,,,,,
Germany,tCO2e per capita,13.56,13.12,12.46,12.27,12.11,12.02,12.36,11.88,11.6,11.13,11.03,11.64,11.42,11.43,11.23,10.97,11.09,10.76,10.81,10.15,10.54,10.23,10.38,10.55,10,9.97,9.93,9.68,9.31,8.67,,,,,,,,,,,,,,,,,,,,,,,,,,,,,,,,,,,,,,,,,,,,,,,,,,,,,,,,,,,,,,,,,,,,,,,,,,,,,,,,,,,,,,,,,,,,,,,,,,,,,,,,,,,,,,,,,,,,,,,,,,,,,,,,,,,,,,,,,,,,,,,,,,,,,,,,,,,,,,,,,,
Ghana,tCO2e per capita,1.49,1.45,1.44,1.42,1.4,1.38,1.4,1.43,1.59,1.49,1.47,3.18,3.16,3.11,2.98,3.01,2.99,2.92,2.84,2.81,2.82,2.18,2.23,2.26,2.19,2.19,0.25,0.32,0.37,0.42,,,,,,,,,,,,,,,,,,,,,,,,,,,,,,,,,,,,,,,,,,,,,,,,,,,,,,,,,,,,,,,,,,,,,,,,,,,,,,,,,,,,,,,,,,,,,,,,,,,,,,,,,,,,,,,,,,,,,,,,,,,,,,,,,,,,,,,,,,,,,,,,,,,,,,,,,,,,,,,,,,
Greece,tCO2e per capita,9.25,9.15,9.28,9.26,9.46,9.83,9.89,9.95,10.28,10.33,10.82,10.8,10.8,11.07,11.01,11.17,10.99,11.28,10.89,10.25,9.64,9.67,9.27,8.63,8.41,8.3,8.22,8.2,7.96,7.45,,,,,,,,,,,,,,,,,,,,,,,,,,,,,,,,,,,,,,,,,,,,,,,,,,,,,,,,,,,,,,,,,,,,,,,,,,,,,,,,,,,,,,,,,,,,,,,,,,,,,,,,,,,,,,,,,,,,,,,,,,,,,,,,,,,,,,,,,,,,,,,,,,,,,,,,,,,,,,,,,,
Grenada,tCO2e per capita,19.11,19.28,19.73,19.47,19.45,19.54,19.72,19.88,20.15,20.22,20.12,20.32,20.53,20.63,20.5,20.66,20.84,21.03,21.23,26.13,21.24,21.4,22.36,21.42,20.79,20.93,20.94,21.01,21.29,21.31,,,,,,,,,,,,,,,,,,,,,,,,,,,,,,,,,,,,,,,,,,,,,,,,,,,,,,,,,,,,,,,,,,,,,,,,,,,,,,,,,,,,,,,,,,,,,,,,,,,,,,,,,,,,,,,,,,,,,,,,,,,,,,,,,,,,,,,,,,,,,,,,,,,,,,,,,,,,,,,,,,
Guatemala,tCO2e per capita,3.08,3.04,3.08,3.07,3.02,3.04,3,2.95,3.22,3.02,3.14,2.79,2.83,2.9,2.76,2.86,2.75,2.82,2.67,2.74,2.68,2.25,2.26,2.3,2.33,2.48,2.26,2.19,2.27,2.32,,,,,,,,,,,,,,,,,,,,,,,,,,,,,,,,,,,,,,,,,,,,,,,,,,,,,,,,,,,,,,,,,,,,,,,,,,,,,,,,,,,,,,,,,,,,,,,,,,,,,,,,,,,,,,,,,,,,,,,,,,,,,,,,,,,,,,,,,,,,,,,,,,,,,,,,,,,,,,,,,,
Guinea,tCO2e per capita,3.06,3.02,2.99,2.96,2.94,2.92,2.77,2.76,2.87,2.75,2.74,2.8,2.88,2.85,2.8,2.9,2.87,2.85,2.85,2.83,2.99,3.05,3.11,3.05,3.02,3,3.25,3.2,3.13,3.18,,,,,,,,,,,,,,,,,,,,,,,,,,,,,,,,,,,,,,,,,,,,,,,,,,,,,,,,,,,,,,,,,,,,,,,,,,,,,,,,,,,,,,,,,,,,,,,,,,,,,,,,,,,,,,,,,,,,,,,,,,,,,,,,,,,,,,,,,,,,,,,,,,,,,,,,,,,,,,,,,,
Guinea-Bissau,tCO2e per capita,3.27,3.21,3.17,3.13,3.09,3.05,2.67,2.65,2.8,3.04,2.73,2.81,2.86,2.87,2.81,2.7,2.85,2.79,2.55,2.54,2.56,2.44,2.64,2.43,2.42,2.5,2.31,2.23,2.23,2.19,,,,,,,,,,,,,,,,,,,,,,,,,,,,,,,,,,,,,,,,,,,,,,,,,,,,,,,,,,,,,,,,,,,,,,,,,,,,,,,,,,,,,,,,,,,,,,,,,,,,,,,,,,,,,,,,,,,,,,,,,,,,,,,,,,,,,,,,,,,,,,,,,,,,,,,,,,,,,,,,,,
Guyana,tCO2e per capita,12.93,13.15,13.06,13.15,13.46,14.45,14.95,15.45,15.74,15.91,15.56,16.6,16.47,16.82,17.34,16.83,16.56,16.97,17.17,17.18,17.49,27.71,27.91,27.97,28.09,28.13,24.62,24.58,24.73,25.29,,,,,,,,,,,,,,,,,,,,,,,,,,,,,,,,,,,,,,,,,,,,,,,,,,,,,,,,,,,,,,,,,,,,,,,,,,,,,,,,,,,,,,,,,,,,,,,,,,,,,,,,,,,,,,,,,,,,,,,,,,,,,,,,,,,,,,,,,,,,,,,,,,,,,,,,,,,,,,,,,,
Haiti,tCO2e per capita,0.77,0.78,0.82,0.76,0.68,0.76,0.79,0.82,0.83,0.83,0.87,0.88,0.9,0.89,0.86,0.86,0.85,0.88,0.87,0.86,0.91,0.98,0.94,0.96,0.98,1,1.02,1,0.99,0.99,,,,,,,,,,,,,,,,,,,,,,,,,,,,,,,,,,,,,,,,,,,,,,,,,,,,,,,,,,,,,,,,,,,,,,,,,,,,,,,,,,,,,,,,,,,,,,,,,,,,,,,,,,,,,,,,,,,,,,,,,,,,,,,,,,,,,,,,,,,,,,,,,,,,,,,,,,,,,,,,,,
Honduras,tCO2e per capita,3.47,3.4,3.36,3.23,3.27,3.31,3.14,3.12,3.12,2.86,2.86,2.78,2.78,3.11,3,3.02,3,3.02,2.96,2.91,2.87,3.04,2.99,3.02,3.01,3,2.91,2.82,2.91,2.89,,,,,,,,,,,,,,,,,,,,,,,,,,,,,,,,,,,,,,,,,,,,,,,,,,,,,,,,,,,,,,,,,,,,,,,,,,,,,,,,,,,,,,,,,,,,,,,,,,,,,,,,,,,,,,,,,,,,,,,,,,,,,,,,,,,,,,,,,,,,,,,,,,,,,,,,,,,,,,,,,,
Hungary,tCO2e per capita,8.75,8.26,7.31,7.36,7.35,7.19,7.42,7.27,7.28,7.38,7.1,7.4,7.26,7.55,7.46,7.4,7.34,7.14,7.01,6.44,6.45,6.3,5.94,5.72,5.77,6.08,6.19,6.42,6.43,6.39,,,,,,,,,,,,,,,,,,,,,,,,,,,,,,,,,,,,,,,,,,,,,,,,,,,,,,,,,,,,,,,,,,,,,,,,,,,,,,,,,,,,,,,,,,,,,,,,,,,,,,,,,,,,,,,,,,,,,,,,,,,,,,,,,,,,,,,,,,,,,,,,,,,,,,,,,,,,,,,,,,
Iceland,tCO2e per capita,13.19,12.57,11.64,11.38,11.59,11.26,12.16,11.95,12.35,12.09,12.06,11.33,11.44,11.26,11.4,11.08,12.38,12.09,11.52,10.45,10.08,9.27,9.19,9.62,9.7,9.75,8.21,8.19,8.02,7.68,,,,,,,,,,,,,,,,,,,,,,,,,,,,,,,,,,,,,,,,,,,,,,,,,,,,,,,,,,,,,,,,,,,,,,,,,,,,,,,,,,,,,,,,,,,,,,,,,,,,,,,,,,,,,,,,,,,,,,,,,,,,,,,,,,,,,,,,,,,,,,,,,,,,,,,,,,,,,,,,,,
India,tCO2e per capita,1.15,1.19,1.19,1.2,1.23,1.27,1.3,1.33,1.34,1.39,1.4,1.61,1.6,1.61,1.66,1.7,1.75,1.85,1.91,2,2.06,2.07,2.16,2.19,2.3,2.29,2.32,2.4,2.48,2.46,,,,,,,,,,,,,,,,,,,,,,,,,,,,,,,,,,,,,,,,,,,,,,,,,,,,,,,,,,,,,,,,,,,,,,,,,,,,,,,,,,,,,,,,,,,,,,,,,,,,,,,,,,,,,,,,,,,,,,,,,,,,,,,,,,,,,,,,,,,,,,,,,,,,,,,,,,,,,,,,,,
Indonesia,tCO2e per capita,6.76,6.75,6.75,6.72,6.72,6.8,5.82,10.53,6.64,6.03,5.63,4.75,6.9,5.3,6.8,5.5,7.26,4.76,4.65,6.23,4.68,6.87,6.85,6.51,7.9,8,5.48,5.47,6.32,7.24,,,,,,,,,,,,,,,,,,,,,,,,,,,,,,,,,,,,,,,,,,,,,,,,,,,,,,,,,,,,,,,,,,,,,,,,,,,,,,,,,,,,,,,,,,,,,,,,,,,,,,,,,,,,,,,,,,,,,,,,,,,,,,,,,,,,,,,,,,,,,,,,,,,,,,,,,,,,,,,,,,
Iran,tCO2e per capita,5.4,5.77,6.03,6.07,6.52,6.6,6.75,6.96,6.9,7.4,7.73,7.49,7.62,8.06,8.49,8.95,9.46,9.86,9.86,10.07,10,10.63,10.51,10.66,10.9,10.75,11.07,11.31,11.32,10.78,,,,,,,,,,,,,,,,,,,,,,,,,,,,,,,,,,,,,,,,,,,,,,,,,,,,,,,,,,,,,,,,,,,,,,,,,,,,,,,,,,,,,,,,,,,,,,,,,,,,,,,,,,,,,,,,,,,,,,,,,,,,,,,,,,,,,,,,,,,,,,,,,,,,,,,,,,,,,,,,,,
Iraq,tCO2e per capita,6.9,3.51,4.82,6.12,6.76,6.47,6.2,7.58,6.95,6.29,6.84,6.98,6.23,5.04,5.72,5.41,5.33,5.12,5.69,5.96,6.34,6.58,7.16,7.3,7.03,7.14,7.58,7.81,7.91,8.17,,,,,,,,,,,,,,,,,,,,,,,,,,,,,,,,,,,,,,,,,,,,,,,,,,,,,,,,,,,,,,,,,,,,,,,,,,,,,,,,,,,,,,,,,,,,,,,,,,,,,,,,,,,,,,,,,,,,,,,,,,,,,,,,,,,,,,,,,,,,,,,,,,,,,,,,,,,,,,,,,,
Ireland,tCO2e per capita,15.37,15.44,15.38,15.48,15.82,15.96,16.21,16.43,17.15,17.42,18.03,18.41,17.91,17.68,17.17,17.11,16.79,15.92,15.38,14.07,13.69,12.82,13.06,12.79,12.73,13.01,13.29,13.04,12.51,11.89,,,,,,,,,,,,,,,,,,,,,,,,,,,,,,,,,,,,,,,,,,,,,,,,,,,,,,,,,,,,,,,,,,,,,,,,,,,,,,,,,,,,,,,,,,,,,,,,,,,,,,,,,,,,,,,,,,,,,,,,,,,,,,,,,,,,,,,,,,,,,,,,,,,,,,,,,,,,,,,,,,
Israel,tCO2e per capita,9.46,9.12,9.36,9.89,10.26,10.68,10.95,11.2,11.17,11.25,11.74,11.44,11.52,11.43,11.39,11,11.41,11.65,11.54,11.2,11.71,11.47,12.08,10.8,10.38,10.4,10.18,10.16,9.55,9.64,,,,,,,,,,,,,,,,,,,,,,,,,,,,,,,,,,,,,,,,,,,,,,,,,,,,,,,,,,,,,,,,,,,,,,,,,,,,,,,,,,,,,,,,,,,,,,,,,,,,,,,,,,,,,,,,,,,,,,,,,,,,,,,,,,,,,,,,,,,,,,,,,,,,,,,,,,,,,,,,,,
Italy,tCO2e per capita,7.91,7.86,7.81,7.7,7.61,8.05,7.99,8.06,8.25,8.39,8.48,8.45,8.6,8.89,9.03,9.01,8.78,8.62,8.31,7.44,7.56,7.37,7.05,6.44,6.05,6.25,6.55,6.47,6.38,6.3,,,,,,,,,,,,,,,,,,,,,,,,,,,,,,,,,,,,,,,,,,,,,,,,,,,,,,,,,,,,,,,,,,,,,,,,,,,,,,,,,,,,,,,,,,,,,,,,,,,,,,,,,,,,,,,,,,,,,,,,,,,,,,,,,,,,,,,,,,,,,,,,,,,,,,,,,,,,,,,,,,
Jamaica,tCO2e per capita,3.87,3.84,4.14,4.18,4.15,4.24,4.34,4.35,4.52,4.6,4.61,3.51,3.55,3.69,3.63,3.6,4.02,3.97,3.09,2.44,2.29,3.25,3.05,3.19,3.11,3.05,3.19,3.06,3.52,3.44,,,,,,,,,,,,,,,,,,,,,,,,,,,,,,,,,,,,,,,,,,,,,,,,,,,,,,,,,,,,,,,,,,,,,,,,,,,,,,,,,,,,,,,,,,,,,,,,,,,,,,,,,,,,,,,,,,,,,,,,,,,,,,,,,,,,,,,,,,,,,,,,,,,,,,,,,,,,,,,,,,
Japan,tCO2e per capita,8.96,9.05,9.12,9.04,9.47,9.57,9.67,9.55,9.16,9.35,9.47,9.1,9.33,9.37,9.31,9.31,9.14,9.41,8.88,8.42,8.87,9.73,10.08,10.19,9.87,9.6,9.68,9.57,9.24,8.96,,,,,,,,,,,,,,,,,,,,,,,,,,,,,,,,,,,,,,,,,,,,,,,,,,,,,,,,,,,,,,,,,,,,,,,,,,,,,,,,,,,,,,,,,,,,,,,,,,,,,,,,,,,,,,,,,,,,,,,,,,,,,,,,,,,,,,,,,,,,,,,,,,,,,,,,,,,,,,,,,,
Jordan,tCO2e per capita,5.22,5.07,5.49,5.37,5.36,5.08,4.76,4.55,4.3,4.04,4.08,4.02,4.09,4.11,4.29,4.42,4.39,4.44,4.12,4.03,3.79,3.71,3.96,3.8,3.87,3.77,3.69,3.79,3.63,3.62,,,,,,,,,,,,,,,,,,,,,,,,,,,,,,,,,,,,,,,,,,,,,,,,,,,,,,,,,,,,,,,,,,,,,,,,,,,,,,,,,,,,,,,,,,,,,,,,,,,,,,,,,,,,,,,,,,,,,,,,,,,,,,,,,,,,,,,,,,,,,,,,,,,,,,,,,,,,,,,,,,
Kazakhstan,tCO2e per capita,18.1,18.48,18.62,16.5,15.44,13.94,12.51,11.2,11.43,10.53,10.49,10.39,12.17,12.82,13.82,14.61,15.7,16.28,18.93,16.76,17.71,17.85,17.47,18.06,14.98,13.7,14.42,15.36,15.08,14.67,,,,,,,,,,,,,,,,,,,,,,,,,,,,,,,,,,,,,,,,,,,,,,,,,,,,,,,,,,,,,,,,,,,,,,,,,,,,,,,,,,,,,,,,,,,,,,,,,,,,,,,,,,,,,,,,,,,,,,,,,,,,,,,,,,,,,,,,,,,,,,,,,,,,,,,,,,,,,,,,,,
Kenya,tCO2e per capita,1.29,1.2,1.16,1.11,1.09,1.07,1.01,0.98,0.99,1.03,0.97,1.51,1.5,1.48,1.52,1.49,1.45,1.84,1.82,1.77,1.76,1.6,1.53,1.52,1.54,1.55,1.31,1.21,1.19,1.4,,,,,,,,,,,,,,,,,,,,,,,,,,,,,,,,,,,,,,,,,,,,,,,,,,,,,,,,,,,,,,,,,,,,,,,,,,,,,,,,,,,,,,,,,,,,,,,,,,,,,,,,,,,,,,,,,,,,,,,,,,,,,,,,,,,,,,,,,,,,,,,,,,,,,,,,,,,,,,,,,,
Kiribati,tCO2e per capita,0.54,0.54,0.54,0.59,0.56,0.59,0.65,0.61,0.61,0.61,0.64,0.62,0.72,0.75,0.83,0.99,1.03,0.87,0.88,0.81,0.76,0.76,0.79,0.84,0.8,0.81,0.86,1.02,1.01,1,,,,,,,,,,,,,,,,,,,,,,,,,,,,,,,,,,,,,,,,,,,,,,,,,,,,,,,,,,,,,,,,,,,,,,,,,,,,,,,,,,,,,,,,,,,,,,,,,,,,,,,,,,,,,,,,,,,,,,,,,,,,,,,,,,,,,,,,,,,,,,,,,,,,,,,,,,,,,,,,,,
Kuwait,tCO2e per capita,18.63,5.21,FALSE,FALSE,FALSE,33.51,33.11,33,33.43,32.78,34.13,34.66,34.99,36.97,38.66,41.55,41.27,38.33,38.75,36.57,35.88,35.68,35.12,34.56,32.81,32.84,33.29,32.32,32.35,32.49,,,,,,,,,,,,,,,,,,,,,,,,,,,,,,,,,,,,,,,,,,,,,,,,,,,,,,,,,,,,,,,,,,,,,,,,,,,,,,,,,,,,,,,,,,,,,,,,,,,,,,,,,,,,,,,,,,,,,,,,,,,,,,,,,,,,,,,,,,,,,,,,,,,,,,,,,,,,,,,,,,
Kyrgyzstan,tCO2e per capita,7.16,6.53,4.78,3.71,2.57,1.95,2.12,2.06,2.08,1.76,1.73,1.79,1.97,2.08,2.08,2,1.99,2.21,2.41,2.3,2.21,2.31,2.73,2.59,2.64,2.67,2.13,2.05,2.34,2.11,,,,,,,,,,,,,,,,,,,,,,,,,,,,,,,,,,,,,,,,,,,,,,,,,,,,,,,,,,,,,,,,,,,,,,,,,,,,,,,,,,,,,,,,,,,,,,,,,,,,,,,,,,,,,,,,,,,,,,,,,,,,,,,,,,,,,,,,,,,,,,,,,,,,,,,,,,,,,,,,,,
Laos,tCO2e per capita,4.55,4.41,4.35,4.25,4.22,4.13,4.12,3.97,4.23,3.9,3.81,3.84,3.98,4.03,4.72,4.17,3.95,4.7,3.9,4.07,4.58,3.39,3.63,3.77,3.74,4.38,5.52,5.66,5.56,5.5,,,,,,,,,,,,,,,,,,,,,,,,,,,,,,,,,,,,,,,,,,,,,,,,,,,,,,,,,,,,,,,,,,,,,,,,,,,,,,,,,,,,,,,,,,,,,,,,,,,,,,,,,,,,,,,,,,,,,,,,,,,,,,,,,,,,,,,,,,,,,,,,,,,,,,,,,,,,,,,,,,
Latvia,tCO2e per capita,4.66,4.04,3.07,1.89,0.75,0.08,0.08,-0.15,-0.33,-0.6,-0.9,-1.19,-1.18,-1.13,-1.1,-1.04,-0.81,-0.62,-0.77,-1.15,-0.62,4.46,4.42,4.43,4.44,4.5,4.4,4.41,4.72,4.66,,,,,,,,,,,,,,,,,,,,,,,,,,,,,,,,,,,,,,,,,,,,,,,,,,,,,,,,,,,,,,,,,,,,,,,,,,,,,,,,,,,,,,,,,,,,,,,,,,,,,,,,,,,,,,,,,,,,,,,,,,,,,,,,,,,,,,,,,,,,,,,,,,,,,,,,,,,,,,,,,,
Lebanon,tCO2e per capita,2.6,3.01,2.88,3.78,3.88,4.39,4.58,5.13,5.18,5.36,4.93,5.07,4.84,4.77,4.7,4.45,4.19,3.96,4.76,5.43,5.1,4.97,5.15,4.82,4.9,5.02,5.06,5.26,5.04,5.12,,,,,,,,,,,,,,,,,,,,,,,,,,,,,,,,,,,,,,,,,,,,,,,,,,,,,,,,,,,,,,,,,,,,,,,,,,,,,,,,,,,,,,,,,,,,,,,,,,,,,,,,,,,,,,,,,,,,,,,,,,,,,,,,,,,,,,,,,,,,,,,,,,,,,,,,,,,,,,,,,,
Lesotho,tCO2e per capita,1.15,1.12,1.19,1.15,1.1,1.05,1,0.98,0.95,1.18,1.13,1.11,1.03,1.06,1.04,1.13,1.11,1.14,1.11,1.16,1.16,1.19,1.21,1.14,1.13,1.14,1.14,1.21,1.2,1.19,,,,,,,,,,,,,,,,,,,,,,,,,,,,,,,,,,,,,,,,,,,,,,,,,,,,,,,,,,,,,,,,,,,,,,,,,,,,,,,,,,,,,,,,,,,,,,,,,,,,,,,,,,,,,,,,,,,,,,,,,,,,,,,,,,,,,,,,,,,,,,,,,,,,,,,,,,,,,,,,,,
Liberia,tCO2e per capita,6.93,6.99,7.14,7.23,7.19,6.99,6.58,6.13,5.7,5.28,5.02,4.84,4.73,4.69,4.61,4.52,4.44,4.23,4.05,4.11,3.83,3.75,3.67,3.57,3.63,3.69,3.45,3.34,3.22,3.21,,,,,,,,,,,,,,,,,,,,,,,,,,,,,,,,,,,,,,,,,,,,,,,,,,,,,,,,,,,,,,,,,,,,,,,,,,,,,,,,,,,,,,,,,,,,,,,,,,,,,,,,,,,,,,,,,,,,,,,,,,,,,,,,,,,,,,,,,,,,,,,,,,,,,,,,,,,,,,,,,,
Libya,tCO2e per capita,19.71,20.3,18.02,19.17,21.74,23,23.2,21.33,20.99,20.07,20.65,19.63,19.14,20.39,20.91,22.32,22.37,21.46,21.97,21.21,22.16,12.1,21.1,18.19,15.29,14.02,13.89,17.06,18.2,18.69,,,,,,,,,,,,,,,,,,,,,,,,,,,,,,,,,,,,,,,,,,,,,,,,,,,,,,,,,,,,,,,,,,,,,,,,,,,,,,,,,,,,,,,,,,,,,,,,,,,,,,,,,,,,,,,,,,,,,,,,,,,,,,,,,,,,,,,,,,,,,,,,,,,,,,,,,,,,,,,,,,
Liechtenstein,tCO2e per capita,7.8,7.95,7.87,8.03,7.47,7.48,7.45,7.73,7.97,7.8,7.44,7.52,7.63,7.86,7.82,7.76,7.77,6.88,7.39,6.93,6.48,5.23,5.43,5.6,4.7,4.62,4.34,4.49,4.14,4.3,,,,,,,,,,,,,,,,,,,,,,,,,,,,,,,,,,,,,,,,,,,,,,,,,,,,,,,,,,,,,,,,,,,,,,,,,,,,,,,,,,,,,,,,,,,,,,,,,,,,,,,,,,,,,,,,,,,,,,,,,,,,,,,,,,,,,,,,,,,,,,,,,,,,,,,,,,,,,,,,,,
Lithuania,tCO2e per capita,12.37,12.83,8.86,7.3,6.79,6.41,6.67,6.66,6.96,6.23,5.79,5.82,5.97,6.07,6.42,6.86,7.01,7.41,7.31,6.26,6.65,4.61,4.65,4.39,4.27,4.4,6.37,6.43,6.53,6.55,,,,,,,,,,,,,,,,,,,,,,,,,,,,,,,,,,,,,,,,,,,,,,,,,,,,,,,,,,,,,,,,,,,,,,,,,,,,,,,,,,,,,,,,,,,,,,,,,,,,,,,,,,,,,,,,,,,,,,,,,,,,,,,,,,,,,,,,,,,,,,,,,,,,,,,,,,,,,,,,,,
Luxembourg,tCO2e per capita,30.26,31.12,29.93,30.06,27.55,21.92,21.82,20.36,18.52,19.18,20.36,21.5,23.03,23.68,26.51,26.62,25.77,24.15,23.57,21.95,22.73,22.49,21.52,20.05,18.69,17.35,16.44,16.31,16.5,16.46,,,,,,,,,,,,,,,,,,,,,,,,,,,,,,,,,,,,,,,,,,,,,,,,,,,,,,,,,,,,,,,,,,,,,,,,,,,,,,,,,,,,,,,,,,,,,,,,,,,,,,,,,,,,,,,,,,,,,,,,,,,,,,,,,,,,,,,,,,,,,,,,,,,,,,,,,,,,,,,,,,
Macedonia,tCO2e per capita,6.96,6.62,6.36,6.38,6.15,5.96,6.72,6.12,6.45,5.97,5.79,5.78,5.52,5.91,5.79,5.95,5.95,6.18,6.07,5.72,5.63,6.07,5.8,5.37,5.16,5.03,5,5.24,4.99,5.42,,,,,,,,,,,,,,,,,,,,,,,,,,,,,,,,,,,,,,,,,,,,,,,,,,,,,,,,,,,,,,,,,,,,,,,,,,,,,,,,,,,,,,,,,,,,,,,,,,,,,,,,,,,,,,,,,,,,,,,,,,,,,,,,,,,,,,,,,,,,,,,,,,,,,,,,,,,,,,,,,,
Madagascar,tCO2e per capita,4.74,4.61,4.49,4.39,4.24,4.15,4.07,3.9,3.86,3.72,3.52,2.93,2.7,2.76,2.62,2.77,2.62,2.62,2.48,2.46,2.42,1.8,1.79,1.69,1.64,1.63,1.62,1.55,1.51,1.49,,,,,,,,,,,,,,,,,,,,,,,,,,,,,,,,,,,,,,,,,,,,,,,,,,,,,,,,,,,,,,,,,,,,,,,,,,,,,,,,,,,,,,,,,,,,,,,,,,,,,,,,,,,,,,,,,,,,,,,,,,,,,,,,,,,,,,,,,,,,,,,,,,,,,,,,,,,,,,,,,,
Malawi,tCO2e per capita,1.24,1.24,1.22,1.24,1.19,1.2,1.19,1.16,1.15,1.12,1.09,1.06,1.07,1.08,1.04,1.04,1.02,1.03,1.04,1,1.04,1.01,1.02,0.99,1,1,1,0.99,1.04,1.04,,,,,,,,,,,,,,,,,,,,,,,,,,,,,,,,,,,,,,,,,,,,,,,,,,,,,,,,,,,,,,,,,,,,,,,,,,,,,,,,,,,,,,,,,,,,,,,,,,,,,,,,,,,,,,,,,,,,,,,,,,,,,,,,,,,,,,,,,,,,,,,,,,,,,,,,,,,,,,,,,,
Malaysia,tCO2e per capita,10.93,11.24,11.09,11.16,11.27,11.34,11.48,11.72,12.76,11.48,11.72,11.09,11.52,11.7,12.47,12.77,12.37,13.07,13.27,12.9,13.13,5.11,5.1,5.74,6.77,6.19,12.3,11.59,12.18,12.4,,,,,,,,,,,,,,,,,,,,,,,,,,,,,,,,,,,,,,,,,,,,,,,,,,,,,,,,,,,,,,,,,,,,,,,,,,,,,,,,,,,,,,,,,,,,,,,,,,,,,,,,,,,,,,,,,,,,,,,,,,,,,,,,,,,,,,,,,,,,,,,,,,,,,,,,,,,,,,,,,,
Maldives,tCO2e per capita,0.91,0.91,1.17,1.06,1.05,1.27,1.34,1.56,1.45,1.88,1.98,2.01,2.43,2.09,2.74,2.6,3.04,2.98,2.95,3.01,3.07,3.14,3.41,3.3,3.75,3.65,4.41,4.53,4.93,4.9,,,,,,,,,,,,,,,,,,,,,,,,,,,,,,,,,,,,,,,,,,,,,,,,,,,,,,,,,,,,,,,,,,,,,,,,,,,,,,,,,,,,,,,,,,,,,,,,,,,,,,,,,,,,,,,,,,,,,,,,,,,,,,,,,,,,,,,,,,,,,,,,,,,,,,,,,,,,,,,,,,
Mali,tCO2e per capita,2.03,1.98,1.93,1.91,1.88,1.87,1.84,1.87,2.21,2.24,2.21,1.89,1.86,1.86,1.99,2,1.96,1.96,2,1.96,2.05,2.04,2.02,2.04,2.02,2.04,2.23,2.21,2.22,2.25,,,,,,,,,,,,,,,,,,,,,,,,,,,,,,,,,,,,,,,,,,,,,,,,,,,,,,,,,,,,,,,,,,,,,,,,,,,,,,,,,,,,,,,,,,,,,,,,,,,,,,,,,,,,,,,,,,,,,,,,,,,,,,,,,,,,,,,,,,,,,,,,,,,,,,,,,,,,,,,,,,
Malta,tCO2e per capita,7.14,6.69,6.56,8.24,7.37,6.98,6.78,7.14,6.85,6.92,6.18,7.08,6.62,7.33,7.3,7.39,7.55,7.74,7.55,7.03,7.25,7.19,7.55,6.68,6.58,4.9,4.13,4.32,4.21,4.23,,,,,,,,,,,,,,,,,,,,,,,,,,,,,,,,,,,,,,,,,,,,,,,,,,,,,,,,,,,,,,,,,,,,,,,,,,,,,,,,,,,,,,,,,,,,,,,,,,,,,,,,,,,,,,,,,,,,,,,,,,,,,,,,,,,,,,,,,,,,,,,,,,,,,,,,,,,,,,,,,,
Marshall Islands,tCO2e per capita,0.53,0.53,2.17,2.26,2.33,2.41,2.44,2.45,2.51,2.52,2.66,2.7,2.84,2.75,2.96,3.08,3.08,3.13,2.99,3.05,3.11,3.13,3.11,3.19,3.25,3.34,3.81,3.9,3.91,3.94,,,,,,,,,,,,,,,,,,,,,,,,,,,,,,,,,,,,,,,,,,,,,,,,,,,,,,,,,,,,,,,,,,,,,,,,,,,,,,,,,,,,,,,,,,,,,,,,,,,,,,,,,,,,,,,,,,,,,,,,,,,,,,,,,,,,,,,,,,,,,,,,,,,,,,,,,,,,,,,,,,
Mauritania,tCO2e per capita,3.52,3.54,3.38,3.39,3.26,3.23,3.37,3.42,3.48,3.59,3.65,3.62,3.57,3.5,3.43,3.32,3.45,3.39,3.03,3.23,3.27,3.19,3.24,3.17,3.2,3.34,2.91,2.87,2.89,2.92,,,,,,,,,,,,,,,,,,,,,,,,,,,,,,,,,,,,,,,,,,,,,,,,,,,,,,,,,,,,,,,,,,,,,,,,,,,,,,,,,,,,,,,,,,,,,,,,,,,,,,,,,,,,,,,,,,,,,,,,,,,,,,,,,,,,,,,,,,,,,,,,,,,,,,,,,,,,,,,,,,
Mauritius,tCO2e per capita,2.16,2.22,2.28,2.39,2.42,2.46,2.59,2.65,2.86,3.27,3.61,3.76,3.75,3.88,3.88,4.01,4.34,4.43,4.5,4.49,4.7,4.66,4.78,4.87,5.02,5.05,5.15,5.3,5.31,5.39,,,,,,,,,,,,,,,,,,,,,,,,,,,,,,,,,,,,,,,,,,,,,,,,,,,,,,,,,,,,,,,,,,,,,,,,,,,,,,,,,,,,,,,,,,,,,,,,,,,,,,,,,,,,,,,,,,,,,,,,,,,,,,,,,,,,,,,,,,,,,,,,,,,,,,,,,,,,,,,,,,
Mexico,tCO2e per capita,5.08,5.2,5.14,5.25,5.46,5.14,5.26,5.42,5.69,5.44,5.64,4.63,4.66,4.85,4.86,5.02,5.14,5.17,5.14,4.98,5.06,5.87,5.86,5.68,5.51,5.6,5.59,5.51,5.31,5.26,,,,,,,,,,,,,,,,,,,,,,,,,,,,,,,,,,,,,,,,,,,,,,,,,,,,,,,,,,,,,,,,,,,,,,,,,,,,,,,,,,,,,,,,,,,,,,,,,,,,,,,,,,,,,,,,,,,,,,,,,,,,,,,,,,,,,,,,,,,,,,,,,,,,,,,,,,,,,,,,,,
Micronesia,tCO2e per capita,0.08,-0.22,0.84,0.84,0.9,1.4,1.42,1.47,1.52,1.53,1.58,1.74,1.65,1.79,1.83,1.88,1.71,1.68,1.52,1.69,1.47,1.56,1.66,1.73,1.76,1.81,1.98,2,1.99,1.99,,,,,,,,,,,,,,,,,,,,,,,,,,,,,,,,,,,,,,,,,,,,,,,,,,,,,,,,,,,,,,,,,,,,,,,,,,,,,,,,,,,,,,,,,,,,,,,,,,,,,,,,,,,,,,,,,,,,,,,,,,,,,,,,,,,,,,,,,,,,,,,,,,,,,,,,,,,,,,,,,,
Moldova,tCO2e per capita,12.75,10.69,9,7.86,6.84,6.18,5.58,5.03,4.54,4.08,3.8,3.65,3.7,3.92,3.92,4.04,3.93,4.02,3.98,3.75,4.07,4.33,4.24,3.94,4.17,4.27,4.59,4.67,4.94,5.06,,,,,,,,,,,,,,,,,,,,,,,,,,,,,,,,,,,,,,,,,,,,,,,,,,,,,,,,,,,,,,,,,,,,,,,,,,,,,,,,,,,,,,,,,,,,,,,,,,,,,,,,,,,,,,,,,,,,,,,,,,,,,,,,,,,,,,,,,,,,,,,,,,,,,,,,,,,,,,,,,,
Mongolia,tCO2e per capita,15.72,16.49,15.3,14.64,13.74,14.03,13.63,14.44,14.16,14.08,14.44,12.95,12.09,11.87,11.66,12.61,13.59,14.46,14.33,14.51,13.26,14.01,14.93,15.49,16.02,16.23,16.68,17.3,17.58,18.34,,,,,,,,,,,,,,,,,,,,,,,,,,,,,,,,,,,,,,,,,,,,,,,,,,,,,,,,,,,,,,,,,,,,,,,,,,,,,,,,,,,,,,,,,,,,,,,,,,,,,,,,,,,,,,,,,,,,,,,,,,,,,,,,,,,,,,,,,,,,,,,,,,,,,,,,,,,,,,,,,,
Montenegro,tCO2e per capita,6.83,5.88,5.88,5.57,5.51,5.73,6.15,6.4,6.57,5.65,6.08,0.07,0.24,0.44,0.46,0.13,0.22,-0.13,0.59,-1.17,0.01,6.49,6.09,5.86,5.7,5.86,5.51,5.73,6.05,6.21,,,,,,,,,,,,,,,,,,,,,,,,,,,,,,,,,,,,,,,,,,,,,,,,,,,,,,,,,,,,,,,,,,,,,,,,,,,,,,,,,,,,,,,,,,,,,,,,,,,,,,,,,,,,,,,,,,,,,,,,,,,,,,,,,,,,,,,,,,,,,,,,,,,,,,,,,,,,,,,,,,
Morocco,tCO2e per capita,1.29,1.32,1.34,1.3,1.4,1.4,1.41,1.46,1.47,1.53,1.55,1.66,1.7,1.68,1.81,1.89,1.93,1.94,1.99,1.97,2.05,2.27,2.29,2.27,2.28,2.31,2.23,2.33,2.36,2.5,,,,,,,,,,,,,,,,,,,,,,,,,,,,,,,,,,,,,,,,,,,,,,,,,,,,,,,,,,,,,,,,,,,,,,,,,,,,,,,,,,,,,,,,,,,,,,,,,,,,,,,,,,,,,,,,,,,,,,,,,,,,,,,,,,,,,,,,,,,,,,,,,,,,,,,,,,,,,,,,,,
Mozambique,tCO2e per capita,6.42,6.28,6.11,5.92,5.71,5.53,4.47,4.22,4.3,4.12,3.89,4.74,4.6,4.72,4.55,4.65,4.46,4.39,4.5,4.14,4.39,3.85,3.93,3.89,3.77,3.6,3.88,3.73,3.77,3.52,,,,,,,,,,,,,,,,,,,,,,,,,,,,,,,,,,,,,,,,,,,,,,,,,,,,,,,,,,,,,,,,,,,,,,,,,,,,,,,,,,,,,,,,,,,,,,,,,,,,,,,,,,,,,,,,,,,,,,,,,,,,,,,,,,,,,,,,,,,,,,,,,,,,,,,,,,,,,,,,,,
Myanmar,tCO2e per capita,5.03,4.95,4.96,4.96,4.97,4.98,4.87,4.75,4.83,4.88,4.76,4.27,4.2,4.41,4.64,4.43,4.49,4.65,4.36,4.53,4.6,3.99,4.12,4.14,4.25,4.34,4.18,4.4,4.47,4.5,,,,,,,,,,,,,,,,,,,,,,,,,,,,,,,,,,,,,,,,,,,,,,,,,,,,,,,,,,,,,,,,,,,,,,,,,,,,,,,,,,,,,,,,,,,,,,,,,,,,,,,,,,,,,,,,,,,,,,,,,,,,,,,,,,,,,,,,,,,,,,,,,,,,,,,,,,,,,,,,,,
Namibia,tCO2e per capita,FALSE,13.42,13.03,12.7,12.53,12.31,11.98,11.64,11.82,11.63,11.88,11.69,10.76,10.95,11.04,11.17,11.66,11.14,10.23,11.45,10.96,13.08,13.55,10.27,9.76,9.63,9.69,9.59,9.06,8.51,,,,,,,,,,,,,,,,,,,,,,,,,,,,,,,,,,,,,,,,,,,,,,,,,,,,,,,,,,,,,,,,,,,,,,,,,,,,,,,,,,,,,,,,,,,,,,,,,,,,,,,,,,,,,,,,,,,,,,,,,,,,,,,,,,,,,,,,,,,,,,,,,,,,,,,,,,,,,,,,,,
Nauru,tCO2e per capita,13.7,13.38,12.45,11.54,11.02,10.61,9.97,10.04,9.84,9.37,8.97,8.35,8.19,7.36,7.44,7.79,5.45,4.99,4.77,4.53,4.74,4.47,4.63,5.14,5.47,5.89,6.55,6.88,6.52,6.5,,,,,,,,,,,,,,,,,,,,,,,,,,,,,,,,,,,,,,,,,,,,,,,,,,,,,,,,,,,,,,,,,,,,,,,,,,,,,,,,,,,,,,,,,,,,,,,,,,,,,,,,,,,,,,,,,,,,,,,,,,,,,,,,,,,,,,,,,,,,,,,,,,,,,,,,,,,,,,,,,,
Nepal,tCO2e per capita,1.07,1.05,1.01,1.02,1.04,1.07,1.05,1.04,1.05,1.09,1.08,0.96,0.91,0.95,0.94,0.95,0.92,0.92,0.96,1.02,1.06,1.36,1.41,1.44,1.5,1.46,1.65,1.66,1.74,1.69,,,,,,,,,,,,,,,,,,,,,,,,,,,,,,,,,,,,,,,,,,,,,,,,,,,,,,,,,,,,,,,,,,,,,,,,,,,,,,,,,,,,,,,,,,,,,,,,,,,,,,,,,,,,,,,,,,,,,,,,,,,,,,,,,,,,,,,,,,,,,,,,,,,,,,,,,,,,,,,,,,
Netherlands,tCO2e per capita,13.63,13.88,13.73,13.98,13.88,14.15,14.78,14.19,14.11,13.24,13.02,12.97,12.88,12.81,12.88,12.49,12.19,12.13,11.92,11.55,12.14,11.3,11.17,11.11,10.65,11.09,11.08,10.78,10.37,10.01,,,,,,,,,,,,,,,,,,,,,,,,,,,,,,,,,,,,,,,,,,,,,,,,,,,,,,,,,,,,,,,,,,,,,,,,,,,,,,,,,,,,,,,,,,,,,,,,,,,,,,,,,,,,,,,,,,,,,,,,,,,,,,,,,,,,,,,,,,,,,,,,,,,,,,,,,,,,,,,,,,
New Zealand,tCO2e per capita,13.59,12.85,12.95,12.58,12.82,12.97,12.87,13.36,12.81,13.33,13.3,14.71,14.87,15.2,14.64,14.84,14.7,14.3,14.14,13.34,13.15,14.35,14.85,14.65,14.53,14.2,14.89,14.92,14.53,14.58,,,,,,,,,,,,,,,,,,,,,,,,,,,,,,,,,,,,,,,,,,,,,,,,,,,,,,,,,,,,,,,,,,,,,,,,,,,,,,,,,,,,,,,,,,,,,,,,,,,,,,,,,,,,,,,,,,,,,,,,,,,,,,,,,,,,,,,,,,,,,,,,,,,,,,,,,,,,,,,,,,
Nicaragua,tCO2e per capita,6.99,6.51,6.58,6.58,6.51,6.25,6.13,6.2,6.29,6.3,6.31,7.01,7,7.13,6.93,6.92,6.86,6.8,6.68,6.6,6.58,4.54,4.54,4.52,4.62,4.7,6.04,5.92,5.86,5.87,,,,,,,,,,,,,,,,,,,,,,,,,,,,,,,,,,,,,,,,,,,,,,,,,,,,,,,,,,,,,,,,,,,,,,,,,,,,,,,,,,,,,,,,,,,,,,,,,,,,,,,,,,,,,,,,,,,,,,,,,,,,,,,,,,,,,,,,,,,,,,,,,,,,,,,,,,,,,,,,,,
Niger,tCO2e per capita,2.33,2.31,2.29,2.29,2.27,2.25,2.25,2.24,2.25,2.22,2.19,1.79,1.8,1.8,1.8,1.8,1.8,1.82,1.83,1.84,1.78,1.77,1.82,1.85,1.86,1.85,1.87,1.86,1.87,1.89,,,,,,,,,,,,,,,,,,,,,,,,,,,,,,,,,,,,,,,,,,,,,,,,,,,,,,,,,,,,,,,,,,,,,,,,,,,,,,,,,,,,,,,,,,,,,,,,,,,,,,,,,,,,,,,,,,,,,,,,,,,,,,,,,,,,,,,,,,,,,,,,,,,,,,,,,,,,,,,,,,
Nigeria,tCO2e per capita,2.81,2.91,2.98,2.88,2.76,2.73,2.89,2.74,2.53,2.36,2.4,2.31,2.13,2.22,2.17,2.15,2.01,1.89,1.88,1.74,1.85,1.87,1.84,1.87,1.88,1.8,1.81,1.78,1.76,1.76,,,,,,,,,,,,,,,,,,,,,,,,,,,,,,,,,,,,,,,,,,,,,,,,,,,,,,,,,,,,,,,,,,,,,,,,,,,,,,,,,,,,,,,,,,,,,,,,,,,,,,,,,,,,,,,,,,,,,,,,,,,,,,,,,,,,,,,,,,,,,,,,,,,,,,,,,,,,,,,,,,
Niue,tCO2e per capita,FALSE,FALSE,FALSE,FALSE,FALSE,FALSE,FALSE,FALSE,FALSE,FALSE,FALSE,FALSE,FALSE,FALSE,FALSE,FALSE,FALSE,FALSE,FALSE,FALSE,FALSE,FALSE,FALSE,FALSE,FALSE,FALSE,FALSE,FALSE,FALSE,FALSE,,,,,,,,,,,,,,,,,,,,,,,,,,,,,,,,,,,,,,,,,,,,,,,,,,,,,,,,,,,,,,,,,,,,,,,,,,,,,,,,,,,,,,,,,,,,,,,,,,,,,,,,,,,,,,,,,,,,,,,,,,,,,,,,,,,,,,,,,,,,,,,,,,,,,,,,,,,,,,,,,,
North Korea,tCO2e per capita,7.94,7.47,6.69,6.15,5.63,5.22,4.63,4.23,3.82,3.97,4.09,3.98,3.82,3.86,3.93,4.04,4.1,3.55,3.87,3.17,3.03,2.5,2.55,2.1,2.26,1.99,2.19,3.16,3.01,3.22,,,,,,,,,,,,,,,,,,,,,,,,,,,,,,,,,,,,,,,,,,,,,,,,,,,,,,,,,,,,,,,,,,,,,,,,,,,,,,,,,,,,,,,,,,,,,,,,,,,,,,,,,,,,,,,,,,,,,,,,,,,,,,,,,,,,,,,,,,,,,,,,,,,,,,,,,,,,,,,,,,
Norway,tCO2e per capita,7.33,6.68,6.7,7.22,7.63,7.58,7.58,7.94,8.17,8.56,7.27,5.55,5.41,5.82,5.85,5.59,5.61,5.62,5.27,5.12,5.85,6.17,5.85,5.96,5.83,5.85,5.69,5.45,5.38,5.05,,,,,,,,,,,,,,,,,,,,,,,,,,,,,,,,,,,,,,,,,,,,,,,,,,,,,,,,,,,,,,,,,,,,,,,,,,,,,,,,,,,,,,,,,,,,,,,,,,,,,,,,,,,,,,,,,,,,,,,,,,,,,,,,,,,,,,,,,,,,,,,,,,,,,,,,,,,,,,,,,,
Oman,tCO2e per capita,10.73,12.43,11.76,11.92,12.38,13.57,13.78,14.26,13.91,15.19,17,18.48,18.93,19.34,18.59,18.15,20.95,21.45,20.57,20.7,21,21.93,22.73,22.17,21.61,21.44,21.15,20.23,20.61,20.16,,,,,,,,,,,,,,,,,,,,,,,,,,,,,,,,,,,,,,,,,,,,,,,,,,,,,,,,,,,,,,,,,,,,,,,,,,,,,,,,,,,,,,,,,,,,,,,,,,,,,,,,,,,,,,,,,,,,,,,,,,,,,,,,,,,,,,,,,,,,,,,,,,,,,,,,,,,,,,,,,,
Pakistan,tCO2e per capita,1.56,1.55,1.59,1.63,1.64,1.68,1.69,1.69,1.67,1.72,1.69,1.67,1.67,1.69,1.77,1.78,1.86,1.92,1.89,1.91,1.84,1.84,1.82,1.84,1.87,1.91,1.99,2.08,2.02,2.03,,,,,,,,,,,,,,,,,,,,,,,,,,,,,,,,,,,,,,,,,,,,,,,,,,,,,,,,,,,,,,,,,,,,,,,,,,,,,,,,,,,,,,,,,,,,,,,,,,,,,,,,,,,,,,,,,,,,,,,,,,,,,,,,,,,,,,,,,,,,,,,,,,,,,,,,,,,,,,,,,,
Palau,tCO2e per capita,0.84,0.84,13.3,13.01,12.7,12.35,12.15,12.06,11.91,11.74,11.98,12.04,11.97,11.81,12.74,14.14,13.93,13.49,12.45,12.25,13.07,13.16,13.86,13.97,13.9,13.15,15.67,16.11,15.85,15.94,,,,,,,,,,,,,,,,,,,,,,,,,,,,,,,,,,,,,,,,,,,,,,,,,,,,,,,,,,,,,,,,,,,,,,,,,,,,,,,,,,,,,,,,,,,,,,,,,,,,,,,,,,,,,,,,,,,,,,,,,,,,,,,,,,,,,,,,,,,,,,,,,,,,,,,,,,,,,,,,,,
Panama,tCO2e per capita,5.6,5.68,5.83,5.81,5.8,5.75,5.63,5.5,5.76,5.36,5.28,5.11,4.78,4.78,4.69,5.1,5.17,5.08,5.02,5.37,5.45,5.65,5.74,5.64,5.66,5.56,5.52,5.29,5.24,5.96,,,,,,,,,,,,,,,,,,,,,,,,,,,,,,,,,,,,,,,,,,,,,,,,,,,,,,,,,,,,,,,,,,,,,,,,,,,,,,,,,,,,,,,,,,,,,,,,,,,,,,,,,,,,,,,,,,,,,,,,,,,,,,,,,,,,,,,,,,,,,,,,,,,,,,,,,,,,,,,,,,
Papua New Guinea,tCO2e per capita,8.22,8.24,8.27,8.3,8.28,8.77,8.45,10.91,8.22,8.23,8.28,8.09,8.05,7.89,7.96,7.61,7.4,7.19,6.89,6.74,6.59,7.53,7.46,7.46,7.51,7.69,7.62,7.48,7.39,7.23,,,,,,,,,,,,,,,,,,,,,,,,,,,,,,,,,,,,,,,,,,,,,,,,,,,,,,,,,,,,,,,,,,,,,,,,,,,,,,,,,,,,,,,,,,,,,,,,,,,,,,,,,,,,,,,,,,,,,,,,,,,,,,,,,,,,,,,,,,,,,,,,,,,,,,,,,,,,,,,,,,
Paraguay,tCO2e per capita,17.8,16.65,16.08,15.73,15.35,15.4,15.04,14.94,14.64,14.94,13.76,16.46,16.2,16.21,15.56,15.54,15.33,15.66,15.13,15.26,15.45,17.31,17.26,17.27,17.31,17.14,13.8,14.05,13.6,13.71,,,,,,,,,,,,,,,,,,,,,,,,,,,,,,,,,,,,,,,,,,,,,,,,,,,,,,,,,,,,,,,,,,,,,,,,,,,,,,,,,,,,,,,,,,,,,,,,,,,,,,,,,,,,,,,,,,,,,,,,,,,,,,,,,,,,,,,,,,,,,,,,,,,,,,,,,,,,,,,,,,
Peru,tCO2e per capita,4.72,4.58,4.52,4.48,4.49,4.61,4.68,4.63,4.58,4.67,4.63,4.68,4.7,4.65,4.76,4.77,4.71,4.82,4.95,5.05,5.17,6.1,6.06,6.07,6.13,6.11,6.14,5.96,5.87,5.86,,,,,,,,,,,,,,,,,,,,,,,,,,,,,,,,,,,,,,,,,,,,,,,,,,,,,,,,,,,,,,,,,,,,,,,,,,,,,,,,,,,,,,,,,,,,,,,,,,,,,,,,,,,,,,,,,,,,,,,,,,,,,,,,,,,,,,,,,,,,,,,,,,,,,,,,,,,,,,,,,,
Philippines,tCO2e per capita,1.58,1.54,1.54,1.58,1.65,1.78,1.86,1.93,1.8,1.83,1.81,1.76,1.75,1.75,1.76,1.74,1.63,1.67,1.67,1.68,1.71,1.7,1.72,1.8,1.85,1.91,2,2.13,2.15,2.19,,,,,,,,,,,,,,,,,,,,,,,,,,,,,,,,,,,,,,,,,,,,,,,,,,,,,,,,,,,,,,,,,,,,,,,,,,,,,,,,,,,,,,,,,,,,,,,,,,,,,,,,,,,,,,,,,,,,,,,,,,,,,,,,,,,,,,,,,,,,,,,,,,,,,,,,,,,,,,,,,,
Poland,tCO2e per capita,10.68,10.62,10.3,10.29,10.13,10.11,10.48,10.21,9.45,9.18,8.92,7.34,7.17,7.48,7.59,7.63,8.02,8.03,7.87,7.48,7.98,9.05,8.86,8.72,8.37,8.46,8.6,8.94,8.89,8.43,,,,,,,,,,,,,,,,,,,,,,,,,,,,,,,,,,,,,,,,,,,,,,,,,,,,,,,,,,,,,,,,,,,,,,,,,,,,,,,,,,,,,,,,,,,,,,,,,,,,,,,,,,,,,,,,,,,,,,,,,,,,,,,,,,,,,,,,,,,,,,,,,,,,,,,,,,,,,,,,,,
Portugal,tCO2e per capita,5.78,5.97,6.38,6.26,6.44,6.79,6.61,6.81,7.28,7.9,7.8,7.59,8.03,7.54,7.7,7.98,7.46,7.32,7.09,7.01,6.5,6.29,6.15,6.03,6.02,6.44,6.48,6.98,6.49,6,,,,,,,,,,,,,,,,,,,,,,,,,,,,,,,,,,,,,,,,,,,,,,,,,,,,,,,,,,,,,,,,,,,,,,,,,,,,,,,,,,,,,,,,,,,,,,,,,,,,,,,,,,,,,,,,,,,,,,,,,,,,,,,,,,,,,,,,,,,,,,,,,,,,,,,,,,,,,,,,,,
Qatar,tCO2e per capita,32.3,37.81,36.37,41.49,45.95,46.77,50.67,61.89,62.46,65.56,64.14,61.05,64.6,65.92,64.06,57.42,54.57,51.89,47.2,42.03,42.31,43.33,43.99,42.17,42.12,41.62,41.2,40.39,39.25,40.52,,,,,,,,,,,,,,,,,,,,,,,,,,,,,,,,,,,,,,,,,,,,,,,,,,,,,,,,,,,,,,,,,,,,,,,,,,,,,,,,,,,,,,,,,,,,,,,,,,,,,,,,,,,,,,,,,,,,,,,,,,,,,,,,,,,,,,,,,,,,,,,,,,,,,,,,,,,,,,,,,,
Republic of Congo,tCO2e per capita,8.24,8.02,7.87,7.44,6.84,6.98,6.82,6.82,7.09,7.05,6.89,6.49,5.63,5.95,5.96,6.36,6.56,5.76,5.68,5.73,6,5.84,5.57,5.38,5.11,5.16,5.21,5.11,5.52,5.59,,,,,,,,,,,,,,,,,,,,,,,,,,,,,,,,,,,,,,,,,,,,,,,,,,,,,,,,,,,,,,,,,,,,,,,,,,,,,,,,,,,,,,,,,,,,,,,,,,,,,,,,,,,,,,,,,,,,,,,,,,,,,,,,,,,,,,,,,,,,,,,,,,,,,,,,,,,,,,,,,,
Romania,tCO2e per capita,9.69,8.1,7.31,6.85,6.68,6.94,7.12,6.63,5.93,5.24,5.42,5.57,5.53,5.8,5.76,5.77,5.97,5.95,5.95,5.22,5.11,-8.65,-8.8,-9.3,-9.37,-9.3,3.88,4.05,4.1,4.05,,,,,,,,,,,,,,,,,,,,,,,,,,,,,,,,,,,,,,,,,,,,,,,,,,,,,,,,,,,,,,,,,,,,,,,,,,,,,,,,,,,,,,,,,,,,,,,,,,,,,,,,,,,,,,,,,,,,,,,,,,,,,,,,,,,,,,,,,,,,,,,,,,,,,,,,,,,,,,,,,,
Russia,tCO2e per capita,17.9,17.42,16.35,15.05,13.45,12.93,12.65,11.65,11.68,11.95,12.37,9.75,9.79,10.36,10.35,10.55,10.86,10.92,11,10,10.65,11.85,11.69,11.38,11.28,11.12,12.01,12.25,12.93,13.33,,,,,,,,,,,,,,,,,,,,,,,,,,,,,,,,,,,,,,,,,,,,,,,,,,,,,,,,,,,,,,,,,,,,,,,,,,,,,,,,,,,,,,,,,,,,,,,,,,,,,,,,,,,,,,,,,,,,,,,,,,,,,,,,,,,,,,,,,,,,,,,,,,,,,,,,,,,,,,,,,,
Rwanda,tCO2e per capita,0.71,0.73,0.77,0.81,0.83,0.81,0.81,0.78,0.74,0.71,0.68,0.64,0.64,0.66,0.66,0.66,0.68,0.68,0.68,0.68,0.68,0.57,0.57,0.57,0.56,0.6,0.58,0.57,0.56,0.55,,,,,,,,,,,,,,,,,,,,,,,,,,,,,,,,,,,,,,,,,,,,,,,,,,,,,,,,,,,,,,,,,,,,,,,,,,,,,,,,,,,,,,,,,,,,,,,,,,,,,,,,,,,,,,,,,,,,,,,,,,,,,,,,,,,,,,,,,,,,,,,,,,,,,,,,,,,,,,,,,,
Saint Kitts and Nevis,tCO2e per capita,4.59,4.64,5.63,5.22,5.43,5.54,5.54,5.73,6.15,6.17,6.31,6.61,7.08,6.86,6.99,6.61,6.83,7.13,7.13,16.5,6.98,7.68,8.7,6.4,6.37,6.53,6.64,6.58,6.61,6.64,,,,,,,,,,,,,,,,,,,,,,,,,,,,,,,,,,,,,,,,,,,,,,,,,,,,,,,,,,,,,,,,,,,,,,,,,,,,,,,,,,,,,,,,,,,,,,,,,,,,,,,,,,,,,,,,,,,,,,,,,,,,,,,,,,,,,,,,,,,,,,,,,,,,,,,,,,,,,,,,,,
Saint Lucia,tCO2e per capita,5.53,5.63,6.37,6.33,6.62,6.21,5.69,5.1,4.48,3.89,3.23,3.56,3.55,3.63,3.64,3.6,3.78,3.81,3.85,8.89,4.05,4.23,5.15,3.78,3.81,3.8,3.83,3.98,3.97,4.02,,,,,,,,,,,,,,,,,,,,,,,,,,,,,,,,,,,,,,,,,,,,,,,,,,,,,,,,,,,,,,,,,,,,,,,,,,,,,,,,,,,,,,,,,,,,,,,,,,,,,,,,,,,,,,,,,,,,,,,,,,,,,,,,,,,,,,,,,,,,,,,,,,,,,,,,,,,,,,,,,,
Saint Vincent and the Grenadines,tCO2e per capita,1,1.05,1.35,1.43,1.55,1.69,1.66,1.74,2.09,2.05,1.82,2.63,2.85,2.89,2.99,3.02,3.05,3.24,3.11,8.95,3.04,3.22,4.05,2.83,3.2,3,3.09,2.81,3.05,3.07,,,,,,,,,,,,,,,,,,,,,,,,,,,,,,,,,,,,,,,,,,,,,,,,,,,,,,,,,,,,,,,,,,,,,,,,,,,,,,,,,,,,,,,,,,,,,,,,,,,,,,,,,,,,,,,,,,,,,,,,,,,,,,,,,,,,,,,,,,,,,,,,,,,,,,,,,,,,,,,,,,
Samoa,tCO2e per capita,2.72,2.75,2.74,2.8,2.92,2.96,3.03,3,3.12,3.1,3.11,3.25,3.28,3.27,3.38,3.46,3.39,3.34,3.15,3.21,3.34,3.41,3.39,3.4,3.49,3.69,4.01,4.02,3.99,4.01,,,,,,,,,,,,,,,,,,,,,,,,,,,,,,,,,,,,,,,,,,,,,,,,,,,,,,,,,,,,,,,,,,,,,,,,,,,,,,,,,,,,,,,,,,,,,,,,,,,,,,,,,,,,,,,,,,,,,,,,,,,,,,,,,,,,,,,,,,,,,,,,,,,,,,,,,,,,,,,,,,
Sao Tome and Principe,tCO2e per capita,0.58,0.57,0.55,0.54,0.55,0.55,0.54,0.54,0.56,0.55,0.57,0.56,0.59,0.64,0.68,0.7,0.7,0.68,0.71,0.73,0.76,1.85,1.92,1.91,1.87,1.86,1.86,1.86,1.84,1.85,,,,,,,,,,,,,,,,,,,,,,,,,,,,,,,,,,,,,,,,,,,,,,,,,,,,,,,,,,,,,,,,,,,,,,,,,,,,,,,,,,,,,,,,,,,,,,,,,,,,,,,,,,,,,,,,,,,,,,,,,,,,,,,,,,,,,,,,,,,,,,,,,,,,,,,,,,,,,,,,,,
Saudi Arabia,tCO2e per capita,14.85,16.35,16.88,16.3,15.88,15.49,15.99,16.01,16.53,16.39,16.82,16.57,16.96,17.43,17.65,18.01,18.43,18.73,19.78,19.68,20.77,21.29,21.91,21.79,22.59,23.08,22.8,22.03,21.22,21.1,,,,,,,,,,,,,,,,,,,,,,,,,,,,,,,,,,,,,,,,,,,,,,,,,,,,,,,,,,,,,,,,,,,,,,,,,,,,,,,,,,,,,,,,,,,,,,,,,,,,,,,,,,,,,,,,,,,,,,,,,,,,,,,,,,,,,,,,,,,,,,,,,,,,,,,,,,,,,,,,,,
Senegal,tCO2e per capita,2.41,2.37,2.36,2.32,2.29,2.27,2.35,2.35,2.42,2.59,2.53,2.38,2.27,2.15,2.29,2.3,2.28,2.23,2.25,2.23,2.25,2.12,2.03,2.06,2.04,2.05,2.12,2.07,2.04,2.06,,,,,,,,,,,,,,,,,,,,,,,,,,,,,,,,,,,,,,,,,,,,,,,,,,,,,,,,,,,,,,,,,,,,,,,,,,,,,,,,,,,,,,,,,,,,,,,,,,,,,,,,,,,,,,,,,,,,,,,,,,,,,,,,,,,,,,,,,,,,,,,,,,,,,,,,,,,,,,,,,,
Serbia,tCO2e per capita,10.49,9.1,8.22,7.47,6.93,7.88,8.85,9.54,9.52,7.28,7.68,3.49,3.94,4.38,5.09,4.22,4.54,4.41,4.13,3.81,3.76,8.91,8.28,8.42,7.34,8.27,8.91,9.01,8.81,8.91,,,,,,,,,,,,,,,,,,,,,,,,,,,,,,,,,,,,,,,,,,,,,,,,,,,,,,,,,,,,,,,,,,,,,,,,,,,,,,,,,,,,,,,,,,,,,,,,,,,,,,,,,,,,,,,,,,,,,,,,,,,,,,,,,,,,,,,,,,,,,,,,,,,,,,,,,,,,,,,,,,
Seychelles,tCO2e per capita,3.14,3.43,3.44,3.56,3.75,3.67,4.11,4.63,4.79,4.92,4.72,5.08,5.29,5.26,5.78,5.77,5.77,5.97,6.02,6.38,6.19,6.02,6.22,6.05,6.58,6.98,7.63,7.64,7.64,7.95,,,,,,,,,,,,,,,,,,,,,,,,,,,,,,,,,,,,,,,,,,,,,,,,,,,,,,,,,,,,,,,,,,,,,,,,,,,,,,,,,,,,,,,,,,,,,,,,,,,,,,,,,,,,,,,,,,,,,,,,,,,,,,,,,,,,,,,,,,,,,,,,,,,,,,,,,,,,,,,,,,
Sierra Leone,tCO2e per capita,1.62,1.61,1.61,1.64,1.64,1.59,1.42,1.4,1.41,1.32,1.3,1.36,1.38,1.49,1.51,1.44,1.65,1.48,1.32,1.35,1.27,1.34,1.48,1.44,1.48,1.47,1.4,1.35,1.27,1.21,,,,,,,,,,,,,,,,,,,,,,,,,,,,,,,,,,,,,,,,,,,,,,,,,,,,,,,,,,,,,,,,,,,,,,,,,,,,,,,,,,,,,,,,,,,,,,,,,,,,,,,,,,,,,,,,,,,,,,,,,,,,,,,,,,,,,,,,,,,,,,,,,,,,,,,,,,,,,,,,,,
Singapore,tCO2e per capita,10.13,10.85,11.34,13.01,13.63,13.6,13.44,13.02,12.41,12.62,13.61,13.23,12.93,12.37,12.57,11.64,11.38,11.19,10.67,10.46,11.01,11.37,11.02,11.01,11.08,11.26,11.38,12.04,11.8,11.79,,,,,,,,,,,,,,,,,,,,,,,,,,,,,,,,,,,,,,,,,,,,,,,,,,,,,,,,,,,,,,,,,,,,,,,,,,,,,,,,,,,,,,,,,,,,,,,,,,,,,,,,,,,,,,,,,,,,,,,,,,,,,,,,,,,,,,,,,,,,,,,,,,,,,,,,,,,,,,,,,,
Slovakia,tCO2e per capita,10.8,9.27,8.79,8.26,7.73,7.81,7.8,7.76,7.54,7.26,6.78,7.1,7.02,7.07,6.95,7.1,7.02,6.84,6.84,6.15,6.43,6.29,5.84,5.96,5.46,5.54,6.89,7.24,7.13,6.78,,,,,,,,,,,,,,,,,,,,,,,,,,,,,,,,,,,,,,,,,,,,,,,,,,,,,,,,,,,,,,,,,,,,,,,,,,,,,,,,,,,,,,,,,,,,,,,,,,,,,,,,,,,,,,,,,,,,,,,,,,,,,,,,,,,,,,,,,,,,,,,,,,,,,,,,,,,,,,,,,,
Slovenia,tCO2e per capita,3.95,3.45,3.31,3.69,3.72,4.14,4.54,4.78,4.66,4.33,4.21,3.61,3.64,3.62,3.72,3.84,4,3.96,4.44,3.43,3.56,7.85,7.54,7.22,6.49,6.53,8.36,8.44,8.35,8.05,,,,,,,,,,,,,,,,,,,,,,,,,,,,,,,,,,,,,,,,,,,,,,,,,,,,,,,,,,,,,,,,,,,,,,,,,,,,,,,,,,,,,,,,,,,,,,,,,,,,,,,,,,,,,,,,,,,,,,,,,,,,,,,,,,,,,,,,,,,,,,,,,,,,,,,,,,,,,,,,,,
Solomon Islands,tCO2e per capita,13.77,13.44,13.11,12.78,12.48,12.17,11.87,11.59,11.3,11.04,10.79,5.3,5.2,5.11,5.09,5.05,4.95,4.86,4.75,4.68,4.6,-31.5,-30.65,-29.74,-28.99,-28.25,74.7,72.79,70.96,69.21,,,,,,,,,,,,,,,,,,,,,,,,,,,,,,,,,,,,,,,,,,,,,,,,,,,,,,,,,,,,,,,,,,,,,,,,,,,,,,,,,,,,,,,,,,,,,,,,,,,,,,,,,,,,,,,,,,,,,,,,,,,,,,,,,,,,,,,,,,,,,,,,,,,,,,,,,,,,,,,,,,
Somalia,tCO2e per capita,5.8,5.36,5.08,5.34,5.56,5.56,5.48,5.35,5.14,4.95,4.8,4.69,4.58,4.45,4.35,4.26,4.01,3.8,3.7,3.6,3.52,3.43,3.37,3.29,3.21,3.13,3.03,2.94,2.85,2.75,,,,,,,,,,,,,,,,,,,,,,,,,,,,,,,,,,,,,,,,,,,,,,,,,,,,,,,,,,,,,,,,,,,,,,,,,,,,,,,,,,,,,,,,,,,,,,,,,,,,,,,,,,,,,,,,,,,,,,,,,,,,,,,,,,,,,,,,,,,,,,,,,,,,,,,,,,,,,,,,,,
South Africa,tCO2e per capita,9.2,8.87,8.55,8.61,8.58,8.71,8.82,9.05,9.1,8.51,8.47,9.09,9.31,9.71,10.19,10.07,10,10.3,10.83,10.26,10.56,10.09,10.32,10.33,10.4,9.79,9.66,9.78,9.63,9.6,,,,,,,,,,,,,,,,,,,,,,,,,,,,,,,,,,,,,,,,,,,,,,,,,,,,,,,,,,,,,,,,,,,,,,,,,,,,,,,,,,,,,,,,,,,,,,,,,,,,,,,,,,,,,,,,,,,,,,,,,,,,,,,,,,,,,,,,,,,,,,,,,,,,,,,,,,,,,,,,,,
South Korea,tCO2e per capita,5.56,6.16,6.67,7.32,7.88,8.53,9.07,9.55,8.07,8.83,9.99,9.89,9.68,9.79,10.25,10.13,10.25,10.4,10.59,10.82,11.81,12.4,12.4,12.35,12.07,12.42,12.67,12.9,12.98,12.61,,,,,,,,,,,,,,,,,,,,,,,,,,,,,,,,,,,,,,,,,,,,,,,,,,,,,,,,,,,,,,,,,,,,,,,,,,,,,,,,,,,,,,,,,,,,,,,,,,,,,,,,,,,,,,,,,,,,,,,,,,,,,,,,,,,,,,,,,,,,,,,,,,,,,,,,,,,,,,,,,,
South Sudan,tCO2e per capita,6.75,7,7.61,8.16,8.67,8.81,9.44,10.02,10.51,10.6,10.53,9.36,9.61,9.68,9.65,9.68,9.1,9.13,8.81,8.65,8.23,7.59,5.91,5.86,5.93,5.89,6.16,5.89,6.12,5.45,,,,,,,,,,,,,,,,,,,,,,,,,,,,,,,,,,,,,,,,,,,,,,,,,,,,,,,,,,,,,,,,,,,,,,,,,,,,,,,,,,,,,,,,,,,,,,,,,,,,,,,,,,,,,,,,,,,,,,,,,,,,,,,,,,,,,,,,,,,,,,,,,,,,,,,,,,,,,,,,,,
Spain,tCO2e per capita,5.99,6.14,6.36,5.95,6.25,6.56,6.37,6.88,7.09,7.67,8.06,8.53,8.82,8.87,9.1,9.28,8.99,9.18,8.31,7.45,7.09,7.29,7.15,6.61,6.6,6.83,6.49,6.83,6.65,6.22,,,,,,,,,,,,,,,,,,,,,,,,,,,,,,,,,,,,,,,,,,,,,,,,,,,,,,,,,,,,,,,,,,,,,,,,,,,,,,,,,,,,,,,,,,,,,,,,,,,,,,,,,,,,,,,,,,,,,,,,,,,,,,,,,,,,,,,,,,,,,,,,,,,,,,,,,,,,,,,,,,
Sri Lanka,tCO2e per capita,1.65,1.62,1.7,1.7,1.73,1.72,1.7,1.59,1.44,1.4,1.36,1.22,1.26,1.31,1.3,1.39,1.3,1.34,1.34,1.29,1.34,1.38,1.46,1.32,1.44,1.62,1.69,1.7,1.64,1.74,,,,,,,,,,,,,,,,,,,,,,,,,,,,,,,,,,,,,,,,,,,,,,,,,,,,,,,,,,,,,,,,,,,,,,,,,,,,,,,,,,,,,,,,,,,,,,,,,,,,,,,,,,,,,,,,,,,,,,,,,,,,,,,,,,,,,,,,,,,,,,,,,,,,,,,,,,,,,,,,,,
Sudan,tCO2e per capita,3.51,3.42,3.46,3.42,3.5,3.44,3.54,3.77,3.96,4.03,3.94,3.42,3.51,3.5,3.51,3.59,3.49,3.58,3.51,3.49,3.35,3.36,3.31,3.24,3.19,3.2,3.19,3.1,3.04,2.97,,,,,,,,,,,,,,,,,,,,,,,,,,,,,,,,,,,,,,,,,,,,,,,,,,,,,,,,,,,,,,,,,,,,,,,,,,,,,,,,,,,,,,,,,,,,,,,,,,,,,,,,,,,,,,,,,,,,,,,,,,,,,,,,,,,,,,,,,,,,,,,,,,,,,,,,,,,,,,,,,,
Suriname,tCO2e per capita,15.09,15.67,15.63,15.24,15.07,15.11,15.14,14.9,14.86,14.8,13.13,13.85,12.58,12.9,13.45,13.66,13.4,13.03,13.24,13.35,13.83,22.16,22.8,22.27,22.78,22.73,24.92,23.88,23.03,23.79,,,,,,,,,,,,,,,,,,,,,,,,,,,,,,,,,,,,,,,,,,,,,,,,,,,,,,,,,,,,,,,,,,,,,,,,,,,,,,,,,,,,,,,,,,,,,,,,,,,,,,,,,,,,,,,,,,,,,,,,,,,,,,,,,,,,,,,,,,,,,,,,,,,,,,,,,,,,,,,,,,
Sweden,tCO2e per capita,8.24,8.25,8.5,8.45,8.6,8.51,9.13,8.42,8.51,8.35,7.89,6.21,6.35,6.44,6.26,5.83,5.63,5.37,5.2,4.74,5.3,3.66,3.34,3.13,2.96,2.92,3.4,3.32,3.03,2.91,,,,,,,,,,,,,,,,,,,,,,,,,,,,,,,,,,,,,,,,,,,,,,,,,,,,,,,,,,,,,,,,,,,,,,,,,,,,,,,,,,,,,,,,,,,,,,,,,,,,,,,,,,,,,,,,,,,,,,,,,,,,,,,,,,,,,,,,,,,,,,,,,,,,,,,,,,,,,,,,,,
Switzerland,tCO2e per capita,7.64,7.87,7.78,7.37,7.18,7.27,7.32,7.1,7.3,7.28,7.14,7.19,6.91,7.03,7.05,7.1,7.02,6.7,6.83,6.56,6.69,6.12,6.21,6.27,5.73,5.57,5.57,5.4,5.21,5.16,,,,,,,,,,,,,,,,,,,,,,,,,,,,,,,,,,,,,,,,,,,,,,,,,,,,,,,,,,,,,,,,,,,,,,,,,,,,,,,,,,,,,,,,,,,,,,,,,,,,,,,,,,,,,,,,,,,,,,,,,,,,,,,,,,,,,,,,,,,,,,,,,,,,,,,,,,,,,,,,,,
Syria,tCO2e per capita,5.17,5.66,5.78,5.82,5.9,5.99,5.99,5.88,5.97,5.78,5.64,5.48,5.45,5.36,4.97,5.39,5.33,5.26,5.09,4.79,4.81,4.58,3.78,2.76,2.58,2.57,2.72,3.01,2.85,2.84,,,,,,,,,,,,,,,,,,,,,,,,,,,,,,,,,,,,,,,,,,,,,,,,,,,,,,,,,,,,,,,,,,,,,,,,,,,,,,,,,,,,,,,,,,,,,,,,,,,,,,,,,,,,,,,,,,,,,,,,,,,,,,,,,,,,,,,,,,,,,,,,,,,,,,,,,,,,,,,,,,
Tajikistan,tCO2e per capita,3.39,3.15,2.54,1.99,1.52,1.39,1.26,1.28,1.25,1.15,1.07,0.99,0.98,0.99,1.05,1.04,1.09,1.17,1.2,1.13,1.12,1.13,1.2,1.23,1.38,1.42,1.58,1.7,1.81,1.86,,,,,,,,,,,,,,,,,,,,,,,,,,,,,,,,,,,,,,,,,,,,,,,,,,,,,,,,,,,,,,,,,,,,,,,,,,,,,,,,,,,,,,,,,,,,,,,,,,,,,,,,,,,,,,,,,,,,,,,,,,,,,,,,,,,,,,,,,,,,,,,,,,,,,,,,,,,,,,,,,,
Tanzania,tCO2e per capita,3.9,3.78,3.66,3.56,3.47,3.51,3.2,3.11,3.17,3.1,2.95,3.01,3.09,3.23,3.12,3.19,2.97,2.93,2.92,2.88,2.87,2.83,2.84,2.8,2.73,2.77,2.9,2.79,2.7,2.67,,,,,,,,,,,,,,,,,,,,,,,,,,,,,,,,,,,,,,,,,,,,,,,,,,,,,,,,,,,,,,,,,,,,,,,,,,,,,,,,,,,,,,,,,,,,,,,,,,,,,,,,,,,,,,,,,,,,,,,,,,,,,,,,,,,,,,,,,,,,,,,,,,,,,,,,,,,,,,,,,,
Thailand,tCO2e per capita,3.06,3.23,3.4,3.65,3.87,4.14,4.43,4.49,4.12,4.23,4.19,3.6,3.76,3.93,4.25,4.31,4.33,4.52,4.53,4.48,4.76,5.24,5.55,5.69,5.61,5.64,5.96,6.04,6.07,6.28,,,,,,,,,,,,,,,,,,,,,,,,,,,,,,,,,,,,,,,,,,,,,,,,,,,,,,,,,,,,,,,,,,,,,,,,,,,,,,,,,,,,,,,,,,,,,,,,,,,,,,,,,,,,,,,,,,,,,,,,,,,,,,,,,,,,,,,,,,,,,,,,,,,,,,,,,,,,,,,,,,
Timor-Leste,tCO2e per capita,1.24,1.3,1.26,1.26,1.33,1.32,1.33,1.33,1.34,1.21,1.27,2.42,3.52,4.32,5.03,5.9,6.12,6.28,6.52,6.7,6.86,6.64,6.51,6.37,6.24,6.07,5.83,5.48,5.18,4.93,,,,,,,,,,,,,,,,,,,,,,,,,,,,,,,,,,,,,,,,,,,,,,,,,,,,,,,,,,,,,,,,,,,,,,,,,,,,,,,,,,,,,,,,,,,,,,,,,,,,,,,,,,,,,,,,,,,,,,,,,,,,,,,,,,,,,,,,,,,,,,,,,,,,,,,,,,,,,,,,,,
Togo,tCO2e per capita,1.66,1.58,1.47,1.41,1.44,1.4,1.49,1.39,1.56,1.59,1.45,1,1.06,1.15,1.07,1.2,1.07,0.99,1.02,1.23,1.17,1.21,1.11,1.07,1,1.08,1.09,1.05,1.07,1.08,,,,,,,,,,,,,,,,,,,,,,,,,,,,,,,,,,,,,,,,,,,,,,,,,,,,,,,,,,,,,,,,,,,,,,,,,,,,,,,,,,,,,,,,,,,,,,,,,,,,,,,,,,,,,,,,,,,,,,,,,,,,,,,,,,,,,,,,,,,,,,,,,,,,,,,,,,,,,,,,,,
Tonga,tCO2e per capita,2.63,2.76,2.62,2.71,2.75,2.7,2.44,2.5,2.43,2.56,2.4,2.31,2.37,2.58,2.6,2.67,2.8,2.58,2.56,2.65,2.45,2.37,2.43,2.52,2.54,2.57,2.93,3.24,3,2.98,,,,,,,,,,,,,,,,,,,,,,,,,,,,,,,,,,,,,,,,,,,,,,,,,,,,,,,,,,,,,,,,,,,,,,,,,,,,,,,,,,,,,,,,,,,,,,,,,,,,,,,,,,,,,,,,,,,,,,,,,,,,,,,,,,,,,,,,,,,,,,,,,,,,,,,,,,,,,,,,,,
Trinidad and Tobago,tCO2e per capita,16.52,16.35,16.19,12.77,9.97,9.63,10.45,10.81,11.13,11.44,12.06,13.43,14.67,17.55,18.27,19.78,22.41,22.89,22.53,21.8,23.78,24.38,23.89,24.46,24.33,23.52,20.8,20.86,20.73,20.41,,,,,,,,,,,,,,,,,,,,,,,,,,,,,,,,,,,,,,,,,,,,,,,,,,,,,,,,,,,,,,,,,,,,,,,,,,,,,,,,,,,,,,,,,,,,,,,,,,,,,,,,,,,,,,,,,,,,,,,,,,,,,,,,,,,,,,,,,,,,,,,,,,,,,,,,,,,,,,,,,,
Tunisia,tCO2e per capita,2.47,2.52,2.62,2.59,2.51,2.52,2.63,2.66,2.77,2.89,3,3.03,3.02,2.98,3.08,3.12,3.21,3.3,3.32,3.32,3.51,3.86,3.98,3.92,4.1,4.08,3.29,3.28,3.25,3.23,,,,,,,,,,,,,,,,,,,,,,,,,,,,,,,,,,,,,,,,,,,,,,,,,,,,,,,,,,,,,,,,,,,,,,,,,,,,,,,,,,,,,,,,,,,,,,,,,,,,,,,,,,,,,,,,,,,,,,,,,,,,,,,,,,,,,,,,,,,,,,,,,,,,,,,,,,,,,,,,,,
Turkey,tCO2e per capita,3.5,3.48,3.56,3.61,3.47,3.67,3.91,3.99,3.95,3.89,4.21,3.4,3.51,3.63,3.67,3.81,4.18,4.56,4.47,4.45,4.53,4.54,4.67,4.48,4.73,4.74,5.39,5.82,5.72,5.51,,,,,,,,,,,,,,,,,,,,,,,,,,,,,,,,,,,,,,,,,,,,,,,,,,,,,,,,,,,,,,,,,,,,,,,,,,,,,,,,,,,,,,,,,,,,,,,,,,,,,,,,,,,,,,,,,,,,,,,,,,,,,,,,,,,,,,,,,,,,,,,,,,,,,,,,,,,,,,,,,,
Turkmenistan,tCO2e per capita,30.24,27.27,18.69,19.86,17.61,17.41,16.2,13.7,13.8,16.72,19.65,19.61,20.36,22.74,23.95,24.31,24.4,25.95,26.69,20.94,22.92,26.42,27.42,28.17,27.68,27.87,27.01,26.49,26.49,26.48,,,,,,,,,,,,,,,,,,,,,,,,,,,,,,,,,,,,,,,,,,,,,,,,,,,,,,,,,,,,,,,,,,,,,,,,,,,,,,,,,,,,,,,,,,,,,,,,,,,,,,,,,,,,,,,,,,,,,,,,,,,,,,,,,,,,,,,,,,,,,,,,,,,,,,,,,,,,,,,,,,
Tuvalu,tCO2e per capita,1.88,1.97,2.03,2.02,2.1,2.15,1.94,2.06,2.39,2.05,2.08,2.28,2.2,2.12,2.15,2.19,2.42,2.6,2.14,2.24,2.15,2.17,2.13,2.03,2.14,1.94,2.04,2.16,2.2,2.2,,,,,,,,,,,,,,,,,,,,,,,,,,,,,,,,,,,,,,,,,,,,,,,,,,,,,,,,,,,,,,,,,,,,,,,,,,,,,,,,,,,,,,,,,,,,,,,,,,,,,,,,,,,,,,,,,,,,,,,,,,,,,,,,,,,,,,,,,,,,,,,,,,,,,,,,,,,,,,,,,,
Uganda,tCO2e per capita,1.75,1.73,1.69,1.65,1.58,1.57,1.57,1.6,1.61,1.55,1.5,1.44,1.44,1.47,1.42,1.45,1.36,1.4,1.57,1.55,1.55,1.5,1.5,1.45,1.43,1.44,1.42,1.39,1.37,1.34,,,,,,,,,,,,,,,,,,,,,,,,,,,,,,,,,,,,,,,,,,,,,,,,,,,,,,,,,,,,,,,,,,,,,,,,,,,,,,,,,,,,,,,,,,,,,,,,,,,,,,,,,,,,,,,,,,,,,,,,,,,,,,,,,,,,,,,,,,,,,,,,,,,,,,,,,,,,,,,,,,
Ukraine,tCO2e per capita,14.96,14.11,12.36,10.75,9.07,8.69,7.58,7.17,6.68,6.61,6.45,7.04,7.21,7.78,7.29,7.07,7.27,7.51,7.31,6.15,6.61,7.2,7.06,6.97,6.25,5.17,5.49,4.93,5.22,4.99,,,,,,,,,,,,,,,,,,,,,,,,,,,,,,,,,,,,,,,,,,,,,,,,,,,,,,,,,,,,,,,,,,,,,,,,,,,,,,,,,,,,,,,,,,,,,,,,,,,,,,,,,,,,,,,,,,,,,,,,,,,,,,,,,,,,,,,,,,,,,,,,,,,,,,,,,,,,,,,,,,
United Arab Emirates,tCO2e per capita,40.06,41.85,38.58,38.48,40.19,40.31,40.06,39.29,38.03,36.69,34.78,37.27,36.05,35.94,34.71,32.72,29.64,27.27,27.37,24.55,23.61,23.19,24.02,25.1,25.16,26.47,27.02,26.21,23.82,24.93,,,,,,,,,,,,,,,,,,,,,,,,,,,,,,,,,,,,,,,,,,,,,,,,,,,,,,,,,,,,,,,,,,,,,,,,,,,,,,,,,,,,,,,,,,,,,,,,,,,,,,,,,,,,,,,,,,,,,,,,,,,,,,,,,,,,,,,,,,,,,,,,,,,,,,,,,,,,,,,,,,
United Kingdom,tCO2e per capita,12.82,12.93,12.59,12.24,12.16,11.99,12.33,11.95,11.88,11.43,11.43,11.56,11.2,11.3,11.15,10.98,10.84,10.51,10.09,9.12,9.25,8.52,8.78,8.45,7.78,7.48,7.1,6.82,6.66,6.42,,,,,,,,,,,,,,,,,,,,,,,,,,,,,,,,,,,,,,,,,,,,,,,,,,,,,,,,,,,,,,,,,,,,,,,,,,,,,,,,,,,,,,,,,,,,,,,,,,,,,,,,,,,,,,,,,,,,,,,,,,,,,,,,,,,,,,,,,,,,,,,,,,,,,,,,,,,,,,,,,,
United States,tCO2e per capita,21.7,21.24,21.27,21.42,21.52,21.52,21.9,22.6,22.51,22.26,22.58,22.23,21.5,21.53,21.62,21.5,20.98,21.14,20.34,18.77,19.48,18.65,17.82,18.14,18.15,17.66,17.78,17.5,18.03,17.58,,,,,,,,,,,,,,,,,,,,,,,,,,,,,,,,,,,,,,,,,,,,,,,,,,,,,,,,,,,,,,,,,,,,,,,,,,,,,,,,,,,,,,,,,,,,,,,,,,,,,,,,,,,,,,,,,,,,,,,,,,,,,,,,,,,,,,,,,,,,,,,,,,,,,,,,,,,,,,,,,,
Uruguay,tCO2e per capita,4.96,5.44,5.91,6.03,5.95,5.97,6.34,6.2,6.04,6.33,5.75,6.6,6.69,6.96,7.54,7.59,8.22,7.9,8.65,8.49,7.75,9.1,9.33,9.01,8.83,8.75,10.32,10.06,9.99,9.92,,,,,,,,,,,,,,,,,,,,,,,,,,,,,,,,,,,,,,,,,,,,,,,,,,,,,,,,,,,,,,,,,,,,,,,,,,,,,,,,,,,,,,,,,,,,,,,,,,,,,,,,,,,,,,,,,,,,,,,,,,,,,,,,,,,,,,,,,,,,,,,,,,,,,,,,,,,,,,,,,,
Uzbekistan,tCO2e per capita,8.02,7.91,7.24,7.19,6.88,6.25,6.19,6.24,6.85,6.78,6.99,6.58,6.75,6.35,6.42,6.15,6.48,6.22,6.46,5.89,6.15,6.38,5.77,5.64,5.3,5.05,5.26,5.34,5.48,5.52,,,,,,,,,,,,,,,,,,,,,,,,,,,,,,,,,,,,,,,,,,,,,,,,,,,,,,,,,,,,,,,,,,,,,,,,,,,,,,,,,,,,,,,,,,,,,,,,,,,,,,,,,,,,,,,,,,,,,,,,,,,,,,,,,,,,,,,,,,,,,,,,,,,,,,,,,,,,,,,,,,
Vanuatu,tCO2e per capita,3.3,3.3,3.34,3.42,3.36,3.32,3.36,3.34,3.26,3.26,3.08,2.92,2.81,2.86,2.73,2.75,2.71,3.2,3.11,3.01,3,3.02,2.92,2.83,2.98,2.86,2.93,2.87,2.94,2.9,,,,,,,,,,,,,,,,,,,,,,,,,,,,,,,,,,,,,,,,,,,,,,,,,,,,,,,,,,,,,,,,,,,,,,,,,,,,,,,,,,,,,,,,,,,,,,,,,,,,,,,,,,,,,,,,,,,,,,,,,,,,,,,,,,,,,,,,,,,,,,,,,,,,,,,,,,,,,,,,,,
Venezuela,tCO2e per capita,20.22,20.25,19.91,19.9,19.64,20.16,20.74,21.07,20.97,19.78,19.98,17.42,16.93,16.19,16.51,16.76,16.47,16.05,16.26,15.73,15.78,16.15,17.13,16.96,16.73,15.95,13.17,12.37,11.67,10.51,,,,,,,,,,,,,,,,,,,,,,,,,,,,,,,,,,,,,,,,,,,,,,,,,,,,,,,,,,,,,,,,,,,,,,,,,,,,,,,,,,,,,,,,,,,,,,,,,,,,,,,,,,,,,,,,,,,,,,,,,,,,,,,,,,,,,,,,,,,,,,,,,,,,,,,,,,,,,,,,,,
Vietnam,tCO2e per capita,0.03,0.08,0.12,0.19,0.25,0.35,0.44,0.53,0.67,0.71,0.79,1.95,2.13,2.17,2.39,2.48,2.51,2.65,2.73,2.97,3.15,2.7,2.69,2.82,2.95,3.36,3.45,3.49,4.05,4.54,,,,,,,,,,,,,,,,,,,,,,,,,,,,,,,,,,,,,,,,,,,,,,,,,,,,,,,,,,,,,,,,,,,,,,,,,,,,,,,,,,,,,,,,,,,,,,,,,,,,,,,,,,,,,,,,,,,,,,,,,,,,,,,,,,,,,,,,,,,,,,,,,,,,,,,,,,,,,,,,,,
Yemen,tCO2e per capita,1.52,1.59,1.55,1.57,1.84,1.84,1.82,1.87,1.89,2,2.12,2.13,2.07,2.2,2.16,2.22,2.22,2.19,2.12,2.2,2.25,2.06,1.82,2.15,2.03,1.11,0.88,0.86,0.84,0.87,,,,,,,,,,,,,,,,,,,,,,,,,,,,,,,,,,,,,,,,,,,,,,,,,,,,,,,,,,,,,,,,,,,,,,,,,,,,,,,,,,,,,,,,,,,,,,,,,,,,,,,,,,,,,,,,,,,,,,,,,,,,,,,,,,,,,,,,,,,,,,,,,,,,,,,,,,,,,,,,,,
Zambia,tCO2e per capita,7.41,7.26,7.11,6.89,6.64,6.45,5.35,5.26,5.24,4.94,4.47,4.89,5.05,5.43,5.34,5.42,4.89,4.97,5.02,4.62,4.94,5.8,5.89,5.78,5.64,5.78,5.55,5.39,5.19,5.12,,,,,,,,,,,,,,,,,,,,,,,,,,,,,,,,,,,,,,,,,,,,,,,,,,,,,,,,,,,,,,,,,,,,,,,,,,,,,,,,,,,,,,,,,,,,,,,,,,,,,,,,,,,,,,,,,,,,,,,,,,,,,,,,,,,,,,,,,,,,,,,,,,,,,,,,,,,,,,,,,,
Zimbabwe,tCO2e per capita,4.09,4.02,4.02,3.63,3.55,3.49,3.61,3.5,3.59,3.76,3.5,3.58,3.34,3.13,3.12,3.17,3.06,3.08,2.89,2.93,3.11,3.27,3.22,3.16,2.97,3.06,8.26,8.12,8.19,8.05,,,,,,,,,,,,,,,,,,,,,,,,,,,,,,,,,,,,,,,,,,,,,,,,,,,,,,,,,,,,,,,,,,,,,,,,,,,,,,,,,,,,,,,,,,,,,,,,,,,,,,,,,,,,,,,,,,,,,,,,,,,,,,,,,,,,,,,,,,,,,,,,,,,,,,,,,,,,,,,,,,
Data source,CAIT,,,,,,,,,,,,,,,,,,,,,,,,,,,,,,,,,,,,,,,,,,,,,,,,,,,,,,,,,,,,,,,,,,,,,,,,,,,,,,,,,,,,,,,,,,,,,,,,,,,,,,,,,,,,,,,,,,,,,,,,,,,,,,,,,,,,,,,,,,,,,,,,,,,,,,,,,,,,,,,,,,,,,,,,,,,,,,,,,,,,,,,,,,,,,,,,
Data for,Location: Afghanistan, Albania, Algeria, Andorra, Angola, Antigua and Barbuda, Argentina, Armenia, Australia, Austria, Azerbaijan, Bahamas, Bahrain, Bangladesh, Barbados, Belarus, Belgium, Belize, Benin, Bhutan, Bolivia, Bosnia and Herzegovina, Botswana, Brazil, Brunei, Bulgaria, Burkina Faso, Burundi, Cambodia, Cameroon, Canada, Cape Verde, Central African Republic, Chad, Chile, China, Colombia, Comoros, Cook Islands, Costa Rica, Croatia, Cuba, Cyprus, Czech Republic, C√¥te d'Ivoire, Democratic Republic of the Congo, Denmark, Djibouti, Dominica, Dominican Republic, Ecuador, Egypt, El Salvador, Equatorial Guinea, Eritrea, Estonia, Eswatini, Ethiopia, Fiji, Finland, France, Gabon, Gambia, Georgia, Germany, Ghana, Greece, Grenada, Guatemala, Guinea, Guinea-Bissau, Guyana, Haiti, Honduras, Hungary, Iceland, India, Indonesia, Iran, Iraq, Ireland, Israel, Italy, Jamaica, Japan, Jordan, Kazakhstan, Kenya, Kiribati, Kuwait, Kyrgyzstan, Laos, Latvia, Lebanon, Lesotho, Liberia, Libya, Liechtenstein, Lithuania, Luxembourg, Macedonia, Madagascar, Malawi, Malaysia, Maldives, Mali, Malta, Marshall Islands, Mauritania, Mauritius, Mexico, Micronesia, Moldova, Mongolia, Montenegro, Morocco, Mozambique, Myanmar, Namibia, Nauru, Nepal, Netherlands, New Zealand, Nicaragua, Niger, Nigeria, Niue, North Korea, Norway, Oman, Pakistan, Palau, Panama, Papua New Guinea, Paraguay, Peru, Philippines, Poland, Portugal, Qatar, Republic of Congo, Romania, Russia, Rwanda, Saint Kitts and Nevis, Saint Lucia, Saint Vincent and the Grenadines, Samoa, Sao Tome and Principe, Saudi Arabia, Senegal, Serbia, Seychelles, Sierra Leone, Singapore, Slovakia, Slovenia, Solomon Islands, Somalia, South Africa, South Korea, South Sudan, Spain, Sri Lanka, Sudan, Suriname, Sweden, Switzerland, Syria, Tajikistan, Tanzania, Thailand, Timor-Leste, Togo, Tonga, Trinidad and Tobago, Tunisia, Turkey, Turkmenistan, Tuvalu, Uganda, Ukraine, United Arab Emirates, United Kingdom, United States, Uruguay, Uzbekistan, Vanuatu, Venezuela, Vietnam, Yemen, Zambia, Zimbabwe. Sectors/Subsectors: Total including LUCF. Gases: All GHG. Calculation: per Capita. Show data by Countries